FP Material No,Length,Width,Height,Quantity,Weight
MA000252215,190,186,23,1,0.390
MA000252881,190,186,23,66,0.223
MA000252881,190,186,23,3,0.227
MA000252881,190,186,23,19,0.240
MA000252881,190,186,23,2,0.285
MA000252881,190,186,23,6,0.236
MA000252881,190,186,23,6,0.230
MA000252881,190,186,23,6,0.245
MA000252881,190,186,23,36,0.221
MA000252881,190,186,23,4,0.228
MA000252881,190,186,23,34,0.224
MA000252881,190,186,23,242,0.223
MA000252881,190,186,23,6,0.236
MA000252881,190,186,23,12,0.230
MA000252881,190,186,23,1,0.430
MA000252881,190,186,23,34,0.222
MA000252881,190,186,23,57,0.225
MA000252881,190,186,23,42,0.151
MA000252881,190,186,23,6,0.230
MA000252881,190,186,23,20,0.234
MA000252881,190,186,23,35,0.222
MA000252881,190,186,23,13,0.229
MA000252881,190,186,23,3,0.243
MA000252881,190,186,23,6,0.233
MA000252881,190,186,23,72,0.223
MA000252881,190,186,23,1,0.330
MA000252881,190,186,23,6,0.228
MA000252881,190,186,23,1,0.330
MA000252881,190,186,23,145,0.227
MA000252881,190,186,23,3,0.247
MA000252881,190,186,23,6,0.230
MA000252881,190,186,23,18,0.235
MA000252881,190,186,23,5,0.240
MA000252881,190,186,23,1,0.378
MA000252881,190,186,23,14,0.226
MA000252881,190,186,23,3,0.250
MA000252881,190,186,23,1,0.380
MA000252881,190,186,23,6,0.236
MA000252881,190,186,23,6,0.230
MA000252881,190,186,23,5,0.240
MA000252881,190,186,23,33,0.222
MA000252881,190,186,23,6,0.240
MA000252881,190,186,23,5,0.232
MA000252881,190,186,23,25,0.255
MA000252881,190,186,23,12,0.235
MA000252881,190,186,23,54,0.253
MA000252881,190,186,23,194,0.224
MA000252881,190,186,23,16,0.255
MA000252881,190,186,23,8,0.227
MA000252881,190,186,23,34,0.223
MA000252881,190,186,23,19,0.230
MA000252881,190,186,23,36,0.221
MA000252881,190,186,23,72,0.220
MA000252881,190,186,23,6,0.236
MA000252881,190,186,23,24,0.230
MA000252881,190,186,23,48,0.233
MA000252881,190,186,23,12,0.227
MA000252881,190,186,23,4,0.233
MA000302764,190,186,23,1,0.250
MA000302801,190,186,23,1,0.230
MA000302801,190,186,23,4,0.163
MA000302801,190,186,23,19,0.167
MA000302801,190,186,23,4,0.165
MA000302801,190,186,23,10,0.165
MA000302801,190,186,23,4,0.163
MA000302801,190,186,23,3,0.000
MA000302801,190,186,23,4,0.165
MA000302801,190,186,23,4,0.168
MA000302801,190,186,23,4,0.168
MA000302801,190,186,23,4,0.158
MA000302801,190,186,23,10,0.170
MA000302801,190,186,23,4,0.168
MA000302801,190,186,23,7,0.260
MA000302801,190,186,23,6,0.163
MA000302801,190,186,23,4,0.168
MA000302801,190,186,23,2,0.195
MA000302801,190,186,23,3,0.177
MA000302801,190,186,23,4,0.163
MA000302801,190,186,23,4,0.168
MA000302801,190,186,23,4,0.160
MA000302801,190,186,23,3,0.183
MA000302801,190,186,23,11,0.180
MA000302801,190,186,23,4,0.195
MA000302801,190,186,23,17,0.175
MA000302801,190,186,23,4,0.158
MA000302801,190,186,23,2,0.205
MA000302801,190,186,23,18,0.165
MA000302801,190,186,23,6,0.165
MA000302801,190,186,23,4,0.158
MA000302801,190,186,23,4,0.163
MA000302801,190,186,23,6,0.166
MA000302801,190,186,23,15,0.158
MA000302801,190,186,23,6,0.163
MA000302801,190,186,23,17,0.167
MA000302801,190,186,23,8,0.157
MA000302801,190,186,23,6,0.160
MA000302801,190,186,23,3,0.177
MA000302801,190,186,23,4,0.163
MA000302801,190,186,23,4,0.168
MA000302801,190,186,23,11,0.162
MA000302801,190,186,23,4,0.170
MA000302801,190,186,23,15,0.158
MA000302801,190,186,23,4,0.170
MA000302801,190,186,23,4,0.163
MA000302801,190,186,23,4,0.163
MA000302801,190,186,23,18,0.162
MA000302801,190,186,23,15,0.156
MA000302801,190,186,23,10,0.170
MA000302801,190,186,23,12,0.165
MA000302801,190,186,23,4,0.163
MA000302801,190,186,23,4,0.163
MA000302801,190,186,23,24,0.160
MA000302801,190,186,23,2,0.195
MA000302801,190,186,23,24,0.159
MA000302801,190,186,23,2,0.215
MA000312341,190,186,23,4,0.163
MA000312341,190,186,23,2,0.190
MA000312341,190,186,23,4,0.163
MA000312341,190,186,23,16,0.154
MA000312341,190,186,23,6,0.173
MA000312341,190,186,23,4,0.163
MA000312341,190,186,23,4,0.163
MA000312341,190,186,23,4,0.135
MA000312341,190,186,23,30,0.156
MA000312341,190,186,23,32,0.155
MA000312341,190,186,23,36,0.153
MA000312341,190,186,23,4,0.168
MA000312341,190,186,23,4,0.163
MA000312341,190,186,23,4,0.163
MA000312341,190,186,23,11,0.159
MA000312341,190,186,23,26,0.161
MA000312341,190,186,23,11,0.159
MA000312341,190,186,23,8,0.160
MA000312341,190,186,23,30,0.156
MA000312341,190,186,23,4,0.163
MA000312341,190,186,23,4,0.158
MA000375462,340,341,37,4,2.153
MA000375462,340,341,37,4,2.138
MA000375462,340,341,37,2,2.122
MA000375462,340,341,37,6,2.090
MA000375462,340,341,37,2,2.127
MA000375462,340,341,37,6,2.064
MA000375462,340,341,37,1,2.304
MA000375462,340,341,37,1,2.304
MA000375462,340,341,37,4,2.123
MA000375462,340,341,37,1,2.264
MA000375462,340,341,37,4,2.108
MA000375462,340,341,37,1,2.284
MA000375462,340,341,37,6,2.072
MA000375462,340,341,37,2,2.142
MA000375462,340,341,37,3,2.164
MA000375462,340,341,37,10,2.109
MA000375462,340,341,37,9,2.129
MA000375462,340,341,37,2,2.132
MA000375462,340,341,37,2,2.122
MA000375462,340,341,37,4,2.108
MA000375462,340,341,37,6,2.097
MA000375462,340,341,37,3,2.178
MA000375462,340,341,37,5,2.091
MA000375462,340,341,37,6,2.064
MA000375462,340,341,37,10,2.097
MA000375462,340,341,37,10,2.124
MA000375462,340,341,37,30,2.082
MA000375462,340,341,37,2,2.142
MA000375462,340,341,37,1,2.304
MA000375462,340,341,37,1,2.204
MA000375462,340,341,37,2,2.127
MA000375462,340,341,37,6,2.067
MA000375462,340,341,37,6,2.077
MA000375462,340,341,37,5,2.119
MA000375462,340,341,37,6,2.090
MA000375462,340,341,37,6,2.100
MA000375462,340,341,37,5,2.107
MA000375462,340,341,37,3,2.198
MA000375462,340,341,37,8,2.143
MA000375462,340,341,37,4,2.133
MA000375462,340,341,37,11,2.119
MA000375462,340,341,37,24,2.073
MA000375462,340,341,37,3,2.158
MA000375462,340,341,37,1,2.344
MA000375462,340,341,37,10,2.111
MA000375462,340,341,37,12,2.087
MA000375462,340,341,37,6,2.084
MA000375462,340,341,37,6,2.100
MA000375462,340,341,37,1,2.254
MA000375462,340,341,37,8,2.171
MA000375462,340,341,37,2,2.097
MA000375462,340,341,37,4,2.148
MA000375462,340,341,37,5,2.103
MA000375462,340,341,37,12,2.109
MA000375462,340,341,37,5,2.091
MA000375462,340,341,37,1,2.274
MA000375462,340,341,37,2,2.152
MA000375462,340,341,37,3,2.171
MA000375462,340,341,37,1,2.204
MA000375462,340,341,37,11,2.099
MA000375462,340,341,37,1,2.254
MA000375462,340,341,37,1,2.204
MA000451116,190,186,23,29,0.169
MA000451116,190,186,23,19,0.191
MA000451116,190,186,23,10,0.180
MA000451116,190,186,23,11,0.169
MA000451116,190,186,23,3,0.190
MA000451116,190,186,23,7,0.174
MA000451116,190,186,23,10,0.174
MA000451116,190,186,23,1,0.250
MA000451116,190,186,23,8,0.165
MA000451116,190,186,23,11,0.171
MA000451116,190,186,23,40,0.176
MA000451116,190,186,23,7,0.168
MA000451116,190,186,23,10,0.178
MA000451116,190,186,23,23,0.174
MA000451116,190,186,23,9,0.163
MA000451116,190,186,23,10,0.178
MA000451116,190,186,23,10,0.178
MA000451116,190,186,23,15,0.168
MA000451116,190,186,23,10,0.182
MA000451116,190,186,23,10,0.174
MA000451116,190,186,23,24,0.173
MA000451116,190,186,23,3,0.193
MA000451116,190,186,23,21,0.177
MA000451116,190,186,23,19,0.180
MA000451116,190,186,23,15,0.166
MA000451116,190,186,23,1,0.230
MA000451116,190,186,23,12,0.174
MA000473316,338,342,31,1,1.604
MA000473316,338,342,31,2,1.472
MA000473316,338,342,31,1,1.584
MA000473316,338,342,31,1,1.684
MA000494390,190,186,23,4,0.233
MA000494390,190,186,23,1,0.335
MA000494390,190,186,23,22,0.234
MA000494390,190,186,23,3,0.243
MA000494390,190,186,23,120,0.224
MA000494390,190,186,23,170,0.223
MA000494390,190,186,23,4,0.228
MA000494390,190,186,23,8,0.227
MA000494390,190,186,23,6,0.240
MA000494390,190,186,23,4,0.233
MA000494390,190,186,23,140,0.219
MA000494390,190,186,23,4,0.218
MA000494390,190,186,23,4,0.233
MA000494390,190,186,23,202,0.220
MA000494390,190,186,23,5,0.240
MA000494390,190,186,23,3,0.257
MA000494390,190,186,23,46,0.232
MA000494390,190,186,23,21,0.233
MA000494390,190,186,23,7,0.228
MA000494390,190,186,23,4,0.223
MA000494390,190,186,23,29,0.223
MA000494390,190,186,23,105,0.221
MA000494390,190,186,23,19,0.236
MA000494390,190,186,23,3,0.243
MA000494390,190,186,23,1,0.300
MA000494390,190,186,23,96,0.221
MA000494390,190,186,23,10,0.238
MA000494390,190,186,23,1,0.310
MA000494390,190,186,23,6,0.233
MA000494390,190,186,23,1,0.310
MA000494390,190,186,23,2,0.265
MA000494390,190,186,23,68,0.221
MA000494390,190,186,23,9,0.232
MA000494390,190,186,23,23,0.231
MA000494390,190,186,23,15,0.240
MA000494390,190,186,23,2,0.275
MA000494390,190,186,23,18,0.235
MA000494390,190,186,23,34,0.221
MA000494390,190,186,23,2,0.270
MA000494390,190,186,23,32,0.220
MA000494390,190,186,23,35,0.220
MA000494390,190,186,23,1,0.330
MA000517192,190,186,23,3,0.183
MA000517192,190,186,23,5,0.184
MA000517192,190,186,23,4,0.170
MA000517192,190,186,23,12,0.170
MA000517192,190,186,23,10,0.180
MA000517192,190,186,23,15,0.170
MA000517192,190,186,23,3,0.193
MA000517192,190,186,23,3,0.177
MA000517192,190,186,23,14,0.175
MA000517192,190,186,23,3,0.198
MA000517192,190,186,23,11,0.178
MA000517192,190,186,23,3,0.190
MA000517192,190,186,23,6,0.173
MA000517192,190,186,23,1,0.250
MA000517192,190,186,23,7,0.167
MA000517192,190,186,23,4,0.178
MA000517192,190,186,23,1,1.498
MA000517192,190,186,23,1,0.290
MA000517192,190,186,23,7,0.174
MA000517192,190,186,23,28,0.171
MA000517192,190,186,23,4,0.183
MA000517192,190,186,23,1,0.250
MA000517192,190,186,23,1,0.250
MA000517192,190,186,23,2,0.225
MA000517192,190,186,23,4,0.170
MA000517192,190,186,23,15,0.168
MA000517192,190,186,23,3,0.197
MA000517192,190,186,23,6,0.180
MA000517192,190,186,23,13,0.170
MA000517192,190,186,23,3,0.197
MA000517192,190,186,23,11,0.180
MA000517192,190,186,23,3,0.183
MA000517192,190,186,23,1,0.250
MA000517192,190,186,23,14,0.169
MA000517192,190,186,23,8,0.172
MA000517192,190,186,23,3,0.183
MA000517192,190,186,23,7,0.168
MA000517192,190,186,23,1,0.250
MA000517192,190,186,23,5,0.178
MA000517192,190,186,23,9,0.166
MA000517192,190,186,23,3,0.197
MA000517192,190,186,23,3,0.197
MA000517192,190,186,23,9,0.163
MA000517192,190,186,23,3,0.183
MA000517192,190,186,23,14,0.169
MA000517192,190,186,23,1,0.230
MA000517192,190,186,23,4,0.178
MA000517192,190,186,23,12,0.170
MA000540394,190,186,23,15,0.171
MA000629796,560,113,42,1,1.634
MA000629796,560,113,42,1,1.654
MA000629796,560,113,42,3,1.518
MA000629796,560,113,42,2,1.537
MA000629796,560,113,42,3,1.518
MA000629796,560,113,42,2,1.557
MA000629796,560,113,42,2,1.557
MA000629796,560,113,42,1,1.714
MA000629796,560,113,42,1,1.674
MA000629796,560,113,42,1,1.654
MA000629796,560,113,42,2,1.517
MA000629796,560,113,42,1,1.639
MA000629796,560,113,42,1,1.714
MA000669542,560,113,42,1,1.734
MA000740766,190,186,29,3,0.213
MA000740766,190,186,29,4,0.225
MA000740766,190,186,29,4,0.215
MA000740766,190,186,29,4,0.225
MA000760004,338,342,31,1,1.624
MA000771496,340,341,37,6,2.117
MA000771496,340,341,37,3,2.235
MA000771496,340,341,37,4,2.168
MA000771496,340,341,37,3,2.191
MA000787182,190,186,23,3,0.190
MA000787182,190,186,23,3,0.183
MA000787242,338,342,31,1,1.604
MA000811282,560,113,42,4,1.559
MA000811282,560,113,42,1,1.604
MA000811282,560,113,42,11,1.534
MA000811282,560,113,42,6,1.522
MA000811282,560,113,42,1,1.814
MA000811282,560,113,42,1,1.714
MA000811282,560,113,42,2,1.567
MA000811282,560,113,42,4,1.574
MA000811282,560,113,42,4,1.561
MA000811282,560,113,42,4,1.551
MA000811282,560,113,42,4,1.604
MA000811282,560,113,42,4,1.569
MA000811282,560,113,42,2,1.587
MA000811282,560,113,42,2,1.577
MA000811282,560,113,42,3,1.531
MA000811282,560,113,42,2,1.587
MA000811282,560,113,42,6,1.526
MA000811282,560,113,42,4,1.574
MA000811282,560,113,42,1,1.704
MA000868994,340,341,37,1,2.244
MA000895784,190,186,23,4,0.155
MA000895784,190,186,23,1,0.290
MA000895784,190,186,23,8,0.152
MA000895784,190,186,23,3,0.170
MA000895784,190,186,23,13,0.148
MA000895784,190,186,23,27,0.150
MA000895784,190,186,23,13,0.158
MA000895784,190,186,23,25,0.153
MA000895784,190,186,23,6,0.153
MA000895784,190,186,23,9,0.146
MA000895784,190,186,23,9,0.158
MA000933784,560,113,42,11,1.582
MA000933784,560,113,42,28,1.584
MA000933784,560,113,42,60,1.568
MA000933784,560,113,42,59,1.594
MA000933784,560,113,42,59,1.573
MA000933784,560,113,42,1,1.754
MA000933784,560,113,42,101,1.568
MA000933784,560,113,42,32,1.590
MA000933784,560,113,42,10,1.609
MA000933784,560,113,42,43,1.588
MA000933784,560,113,42,32,1.584
MA000933784,560,113,42,24,1.580
MA000933784,560,113,42,4,1.634
MA000933784,560,113,42,6,1.582
MA000933784,560,113,42,7,1.635
MA000933784,560,113,42,3,1.565
MA000933784,560,113,42,32,1.595
MA000933784,560,113,42,4,1.604
MA000933784,560,113,42,2,1.624
MA000933784,560,113,42,35,1.572
MA000933784,560,113,42,49,1.581
MA000933784,560,113,42,30,1.555
MA000937332,190,186,23,3,0.183
MA000951354,190,186,23,2,0.235
MA000951354,190,186,23,1,0.330
MA000951354,190,186,23,4,0.208
MA000951354,190,186,23,5,0.240
MA000951354,190,186,23,4,0.208
MA000951354,190,186,23,4,0.210
MA000951354,190,186,23,2,0.255
MA000951354,190,186,23,2,0.215
MA000951354,190,186,23,1,0.330
MA000951354,190,186,23,2,0.255
MA000951354,190,186,23,2,0.240
MA000951354,190,186,23,2,0.245
MA000951354,190,186,23,5,0.228
MA000951354,190,186,23,2,0.235
MA000951354,190,186,23,3,0.230
MA000951354,190,186,23,2,0.235
MA000951354,190,186,23,2,0.242
MA000951354,190,186,23,11,0.206
MA000951354,190,186,23,1,0.270
MA000951354,190,186,23,1,0.290
MA000951354,190,186,23,3,0.217
MA000951354,190,186,23,4,0.208
MA000951354,190,186,23,1,0.280
MA000951354,190,186,23,2,0.240
MA000951354,190,186,23,2,0.245
MA000951354,190,186,23,1,0.280
MA000951354,190,186,23,3,0.223
MA000951354,190,186,23,4,0.208
MA000951354,190,186,23,5,0.214
MA000951354,190,186,23,8,0.200
MA000973256,340,341,37,1,2.284
MA000973256,340,341,37,1,2.304
MA000974348,336,336,25,1,1.364
MA000974348,336,336,25,7,1.159
MA000978272,336,336,25,1,1.024
MA000988984,344,343,46,2,1.282
MA000988984,344,343,46,2,1.252
MA000989342,560,113,42,1,1.674
MA000989346,340,341,37,5,2.083
MA000989346,340,341,37,15,2.075
MA000989346,340,341,37,7,2.144
MA000989346,340,341,37,1,2.254
MA000989346,340,341,37,1,2.254
MA000989346,340,341,37,6,2.074
MA000989346,340,341,37,1,2.244
MA000989346,340,341,37,6,2.072
MA000989346,340,341,37,1,2.254
MA000989346,340,341,37,2,2.112
MA000989346,340,341,37,1,2.244
MA000989346,340,341,37,5,2.083
MA000989346,340,341,37,2,2.102
MA000989346,340,341,37,5,2.085
MA000989346,340,341,37,3,2.108
MA000989346,340,341,37,1,2.304
MA000989346,340,341,37,1,2.254
MA000989346,340,341,37,6,2.074
MA000989346,340,341,37,6,2.099
MA000989346,340,341,37,1,2.254
MA000989346,340,341,37,1,2.244
MA000989346,340,341,37,6,2.080
MA000989346,340,341,37,1,2.254
MA000989346,340,341,37,5,2.075
MA000993320,560,113,42,1,1.654
MA000993320,560,113,42,1,1.754
MA000993320,560,113,42,1,1.764
MA000993320,560,113,42,1,1.714
MA001002346,336,336,25,4,1.248
MA001002346,336,336,25,1,1.394
MA001002346,336,336,25,3,1.195
MA001002346,336,336,25,3,1.195
MA001002346,336,336,25,2,1.232
MA001002346,336,336,25,3,1.168
MA001002346,336,336,25,3,1.184
MA001002346,336,336,25,2,1.250
MA001002346,336,336,25,3,1.203
MA001002346,336,336,25,1,1.324
MA001002346,336,336,25,1,1.504
MA001002346,336,336,25,3,1.185
MA001002346,336,336,25,2,1.232
MA001002346,336,336,25,4,1.233
MA001013776,336,336,25,1,1.324
MA001014854,336,336,25,1,1.304
MA001014854,336,336,25,5,1.239
MA001014854,336,336,25,1,1.384
MA001014854,336,336,25,1,1.424
MA001014854,336,336,25,1,1.304
MA001014854,336,336,25,1,1.384
MA001014854,336,336,25,1,1.372
MA001014854,336,336,25,3,1.195
MA001014854,336,336,25,1,1.344
MA001014854,336,336,25,1,1.324
MA001014854,336,336,25,1,1.314
MA001014854,336,336,25,4,1.238
MA001014854,336,336,25,2,1.232
MA001014854,336,336,25,2,1.227
MA001014854,336,336,25,3,1.195
MA001014854,336,336,25,1,1.334
MA001014854,336,336,25,2,1.227
MA001014854,336,336,25,3,1.181
MA001014854,336,336,25,2,1.212
MA001014854,336,336,25,2,1.252
MA001014854,336,336,25,3,1.185
MA001014854,336,336,25,2,1.252
MA001014854,336,336,25,3,1.181
MA001014854,336,336,25,2,1.222
MA001029724,338,342,31,1,1.024
MA001031228,340,341,37,2,2.162
MA001031228,340,341,37,1,2.264
MA001031228,340,341,37,1,2.304
MA001031228,340,341,37,5,2.132
MA001031228,340,341,37,2,2.152
MA001031228,340,341,37,1,2.054
MA001031228,340,341,37,1,2.344
MA001031228,340,341,37,1,2.324
MA001031228,340,341,37,2,2.202
MA001031228,340,341,37,6,2.137
MA001031228,340,341,37,2,2.177
MA001031228,340,341,37,1,2.324
MA001031228,340,341,37,2,2.182
MA001031228,340,341,37,4,2.181
MA001031228,340,341,37,3,2.248
MA001031228,340,341,37,1,2.364
MA001033154,568,105,41,1,1.864
MA001033154,568,105,41,1,1.904
MA001033154,568,105,41,1,1.854
MA001033154,568,105,41,2,1.697
MA001033154,568,105,41,1,1.834
MA001033154,568,105,41,1,1.854
MA001038682,560,113,42,6,1.527
MA001038682,560,113,42,5,1.559
MA001038682,560,113,42,18,1.551
MA001038682,560,113,42,4,1.554
MA001038682,560,113,42,7,1.621
MA001038682,560,113,42,2,1.557
MA001038682,560,113,42,10,1.535
MA001038682,560,113,42,11,1.535
MA001038682,560,113,42,1,1.694
MA001038682,560,113,42,1,1.704
MA001038682,560,113,42,9,1.550
MA001038682,560,113,42,1,1.874
MA001038682,560,113,42,6,1.522
MA001038682,560,113,42,4,1.569
MA001039688,344,347,38,23,1.127
MA001039688,344,347,38,2,1.177
MA001039688,344,347,38,2,1.204
MA001039688,344,347,38,9,1.147
MA001039688,344,347,38,36,1.138
MA001039688,344,347,38,36,1.133
MA001039688,344,347,38,36,1.136
MA001039688,344,347,38,1,1.234
MA001039688,344,347,38,30,1.125
MA001039688,344,347,38,3,1.191
MA001039688,344,347,38,35,1.128
MA001039688,344,347,38,24,1.124
MA001039688,344,347,38,36,1.111
MA001039688,344,347,38,12,1.113
MA001039688,344,347,38,42,1.127
MA001039688,344,347,38,12,1.119
MA001039688,344,347,38,6,1.124
MA001039688,344,347,38,2,1.212
MA001039688,344,347,38,11,1.129
MA001039688,344,347,38,8,1.168
MA001039714,560,113,42,12,1.516
MA001039714,560,113,42,2,1.577
MA001039714,560,113,42,1,1.704
MA001039714,560,113,42,36,1.510
MA001039714,560,113,42,18,1.508
MA001039714,560,113,42,7,1.598
MA001039714,560,113,42,3,1.518
MA001039714,560,113,42,75,1.517
MA001039714,560,113,42,2,1.567
MA001039714,560,113,42,9,1.530
MA001039714,560,113,42,2,1.567
MA001039714,560,113,42,1,1.694
MA001039714,560,113,42,2,1.597
MA001039714,560,113,42,3,1.598
MA001039714,560,113,42,1,1.814
MA001039714,560,113,42,17,1.513
MA001039714,560,113,42,9,1.548
MA001039714,560,113,42,1,1.714
MA001039714,560,113,42,3,1.531
MA001039714,560,113,42,1,1.694
MA001039714,560,113,42,4,1.579
MA001039714,560,113,42,7,1.593
MA001039714,560,113,42,3,1.518
MA001046978,560,129,82,1,2.374
MA001046978,560,129,82,1,2.354
MA001046978,560,129,82,1,2.294
MA001046978,560,129,82,1,2.354
MA001046978,560,129,82,1,2.314
MA001046978,560,129,82,1,2.414
MA001046978,560,129,82,2,2.202
MA001046978,560,129,82,1,2.334
MA001046978,560,129,82,1,2.394
MA001046978,560,129,82,1,2.394
MA001046978,560,129,82,1,2.354
MA001056000,190,186,23,1,0.370
MA001056000,190,186,23,1,0.356
MA001056000,190,186,23,1,0.000
MA001056000,190,186,23,1,0.330
MA001056000,190,186,23,7,0.231
MA001056000,190,186,23,1,0.470
MA001056000,190,186,23,1,0.330
MA001056000,190,186,23,1,0.372
MA001056000,190,186,23,1,0.295
MA001056000,190,186,23,1,0.310
MA001056000,190,186,23,1,0.330
MA001056000,190,186,23,1,0.310
MA001056000,190,186,23,1,0.290
MA001056000,190,186,23,1,0.310
MA001062550,560,113,42,88,1.589
MA001062550,560,113,42,162,1.585
MA001062550,560,113,42,83,1.583
MA001062550,560,113,42,18,1.586
MA001062550,560,113,42,40,1.591
MA001062550,560,113,42,160,1.594
MA001062550,560,113,42,18,1.569
MA001062550,560,113,42,12,1.591
MA001062550,560,113,42,22,1.594
MA001062550,560,113,42,18,1.592
MA001062550,560,113,42,100,1.582
MA001062550,560,113,42,20,1.611
MA001062550,560,113,42,77,1.582
MA001062550,560,113,42,40,1.584
MA001062550,560,113,42,40,1.590
MA001070342,344,343,46,1,1.384
MA001075656,560,113,42,52,1.541
MA001075656,560,113,42,7,1.587
MA001075656,560,113,42,8,1.568
MA001075656,560,113,42,1,1.734
MA001075658,560,113,42,5,1.583
MA001096696,336,336,25,1,1.364
MA001096696,336,336,25,1,1.364
MA001096696,336,336,25,1,1.384
MA001096696,336,336,25,1,1.364
MA001096696,336,336,25,1,1.424
MA001096696,336,336,25,2,1.232
MA001096696,336,336,25,1,1.304
MA001096696,336,336,25,1,1.404
MA001096696,336,336,25,1,1.429
MA001096696,336,336,25,1,1.426
MA001096696,336,336,25,1,1.324
MA001096718,338,342,31,1,1.644
MA001096718,338,342,31,1,1.584
MA001096718,338,342,31,2,1.447
MA001096718,338,342,31,1,1.584
MA001111954,560,113,42,166,1.582
MA001111954,560,113,42,59,1.583
MA001111954,560,113,42,22,1.589
MA001111954,560,113,42,27,1.589
MA001111954,560,113,42,89,1.553
MA001111954,560,113,42,6,1.586
MA001111954,560,113,42,33,1.593
MA001111954,560,113,42,98,1.572
MA001111954,560,113,42,24,1.574
MA001111954,560,113,42,2,1.627
MA001111954,560,113,42,36,1.573
MA001111954,560,113,42,9,1.613
MA001111954,560,113,42,35,1.578
MA001111954,560,113,42,73,1.574
MA001111954,560,113,42,15,1.595
MA001111954,560,113,42,1,1.804
MA001111954,560,113,42,41,1.574
MA001111954,560,113,42,55,1.564
MA001111954,560,113,42,40,1.567
MA001111954,560,113,42,40,1.576
MA001111954,560,113,42,38,1.585
MA001111954,560,113,42,23,1.577
MA001111954,560,113,42,233,1.576
MA001111954,560,113,42,30,1.568
MA001111954,560,113,42,103,1.660
MA001111954,560,113,42,42,1.579
MA001111954,560,113,42,90,1.569
MA001111954,560,113,42,221,1.602
MA001111954,560,113,42,18,1.589
MA001111954,560,113,42,78,1.573
MA001111954,560,113,42,6,1.611
MA001111954,560,113,42,40,1.586
MA001111954,560,113,42,165,1.585
MA001111954,560,113,42,15,1.599
MA001111954,560,113,42,4,1.634
MA001111954,560,113,42,54,1.596
MA001111954,560,113,42,36,1.580
MA001111954,560,113,42,60,1.573
MA001111954,560,113,42,30,1.574
MA001111954,560,113,42,4,1.559
MA001111954,560,113,42,2,1.832
MA001111954,560,113,42,14,1.561
MA001111954,560,113,42,64,1.567
MA001111954,560,113,42,165,1.561
MA001111954,560,113,42,50,1.584
MA001111954,560,113,42,5,1.599
MA001111954,560,113,42,12,1.569
MA001111954,560,113,42,4,1.634
MA001111954,560,113,42,70,1.586
MA001111954,560,113,42,77,1.609
MA001111954,560,113,42,54,1.585
MA001111954,560,113,42,80,1.580
MA001111954,560,113,42,24,1.569
MA001111954,560,113,42,60,1.563
MA001111954,560,113,42,12,1.572
MA001111954,560,113,42,40,1.591
MA001111954,560,113,42,70,1.564
MA001111954,560,113,42,64,1.569
MA001111954,560,113,42,60,1.581
MA001111954,560,113,42,72,1.578
MA001111954,560,113,42,80,1.592
MA001111954,560,113,42,36,1.572
MA001111954,560,113,42,72,1.552
MA001111954,560,113,42,64,1.578
MA001111954,560,113,42,17,1.594
MA001111954,560,113,42,131,1.586
MA001111954,560,113,42,40,1.593
MA001111954,560,113,42,10,1.608
MA001111954,560,113,42,49,1.572
MA001111954,560,113,42,40,1.577
MA001111954,560,113,42,20,1.493
MA001111954,560,113,42,186,1.574
MA001111954,560,113,42,24,1.566
MA001111954,560,113,42,22,1.580
MA001114548,560,113,42,16,1.595
MA001114548,560,113,42,169,1.599
MA001114548,560,113,42,24,1.598
MA001114548,560,113,42,2,1.647
MA001114548,560,113,42,131,1.579
MA001114548,560,113,42,153,1.573
MA001114548,560,113,42,29,1.584
MA001114548,560,113,42,1,1.734
MA001114548,560,113,42,12,1.596
MA001114548,560,113,42,17,1.585
MA001114548,560,113,42,18,1.555
MA001114548,560,113,42,62,1.606
MA001114548,560,113,42,96,1.568
MA001114548,560,113,42,6,1.592
MA001114548,560,113,42,1,1.714
MA001114548,560,113,42,11,1.592
MA001114548,560,113,42,60,1.594
MA001114548,560,113,42,69,1.563
MA001114548,560,113,42,107,1.567
MA001114548,560,113,42,89,1.590
MA001114548,560,113,42,5,1.619
MA001114548,560,113,42,173,1.599
MA001114548,560,113,42,29,1.582
MA001114548,560,113,42,126,1.584
MA001114548,560,113,42,5,1.553
MA001114548,560,113,42,94,1.597
MA001114548,560,113,42,4,1.604
MA001114548,560,113,42,9,1.572
MA001115484,336,336,25,1,1.024
MA001115610,190,186,23,9,0.224
MA001115610,190,186,23,3,0.250
MA001115610,190,186,23,24,0.238
MA001115610,190,186,23,13,0.227
MA001115610,190,186,23,34,0.224
MA001115610,190,186,23,60,0.228
MA001115610,190,186,23,8,0.227
MA001115610,190,186,23,6,0.233
MA001115610,190,186,23,3,0.243
MA001115610,190,186,23,7,0.237
MA001115610,190,186,23,59,0.231
MA001115610,190,186,23,3,0.253
MA001115610,190,186,23,3,0.250
MA001115610,190,186,23,12,0.234
MA001115610,190,186,23,6,0.236
MA001115610,190,186,23,3,0.243
MA001115610,190,186,23,10,0.238
MA001115610,190,186,23,61,0.228
MA001115610,190,186,23,4,0.238
MA001115610,190,186,23,11,0.240
MA001115610,190,186,23,6,0.243
MA001115610,190,186,23,3,0.250
MA001115610,190,186,23,57,0.230
MA001115610,190,186,23,19,0.239
MA001115610,190,186,23,3,0.243
MA001115610,190,186,23,6,0.246
MA001115610,190,186,23,19,0.243
MA001115610,190,186,23,2,0.265
MA001115610,190,186,23,108,0.223
MA001115610,190,186,23,1,0.330
MA001115610,190,186,23,7,0.231
MA001115610,190,186,23,3,0.243
MA001115610,190,186,23,24,0.236
MA001115610,190,186,23,8,0.227
MA001115610,190,186,23,24,0.253
MA001115610,190,186,23,6,0.240
MA001115610,190,186,23,49,0.231
MA001115610,190,186,23,61,0.228
MA001115610,190,186,23,169,0.000
MA001115610,190,186,23,3,0.250
MA001115610,190,186,23,16,0.228
MA001115610,190,186,23,3,0.243
MA001115610,190,186,23,8,0.232
MA001115610,190,186,23,3,0.260
MA001115610,190,186,23,13,0.233
MA001115610,190,186,23,3,0.247
MA001115610,190,186,23,64,0.226
MA001115610,190,186,23,3,0.243
MA001115610,190,186,23,1,0.280
MA001115610,190,186,23,3,0.270
MA001115610,190,186,23,36,0.226
MA001115610,190,186,23,6,0.236
MA001115610,190,186,23,72,0.227
MA001115610,190,186,23,108,0.226
MA001115610,190,186,23,29,0.229
MA001115610,190,186,23,4,0.233
MA001115610,190,186,23,9,0.224
MA001115610,190,186,23,32,0.226
MA001115610,190,186,23,3,0.243
MA001115610,190,186,23,3,0.260
MA001115610,190,186,23,7,0.234
MA001115610,190,186,23,72,0.224
MA001115610,190,186,23,90,0.000
MA001115610,190,186,23,9,0.224
MA001115610,190,186,23,13,0.231
MA001115610,190,186,23,6,0.243
MA001115610,190,186,23,1,0.330
MA001115610,190,186,23,3,0.237
MA001115610,190,186,23,10,0.239
MA001115610,190,186,23,9,0.225
MA001115610,190,186,23,62,0.228
MA001115610,190,186,23,32,0.229
MA001115610,190,186,23,2,0.265
MA001115610,190,186,23,6,0.243
MA001115610,190,186,23,15,0.231
MA001115610,190,186,23,17,0.248
MA001115610,190,186,23,21,0.227
MA001115610,190,186,23,3,0.250
MA001115610,190,186,23,9,0.240
MA001115610,190,186,23,3,0.250
MA001115610,190,186,23,23,0.230
MA001115610,190,186,23,3,0.243
MA001115610,190,186,23,35,0.226
MA001115610,190,186,23,3,0.243
MA001115610,190,186,23,3,0.237
MA001115610,190,186,23,57,0.224
MA001115610,190,186,23,15,0.223
MA001115610,190,186,23,24,0.231
MA001115610,190,186,23,24,0.230
MA001115610,190,186,23,4,0.233
MA001115610,190,186,23,21,0.237
MA001115610,190,186,23,28,0.228
MA001115610,190,186,23,32,0.230
MA001115610,190,186,23,4,0.233
MA001115610,190,186,23,1,0.330
MA001115610,190,186,23,8,0.230
MA001115610,190,186,23,96,0.000
MA001116332,560,113,42,14,1.578
MA001116332,560,113,42,8,1.566
MA001116332,560,113,42,87,1.513
MA001116332,560,113,42,68,1.526
MA001116332,560,113,42,38,1.540
MA001116332,560,113,42,11,1.510
MA001116332,560,113,42,12,1.519
MA001116332,560,113,42,12,1.522
MA001116332,560,113,42,112,1.526
MA001116332,560,113,42,6,1.522
MA001116332,560,113,42,28,1.525
MA001116332,560,113,42,2,1.687
MA001116332,560,113,42,3,1.518
MA001116332,560,113,42,12,1.522
MA001116332,560,113,42,72,1.517
MA001116332,560,113,42,15,1.548
MA001116332,560,113,42,15,1.544
MA001116332,560,113,42,30,1.520
MA001117494,560,129,82,1,2.538
MA001117494,560,129,82,2,2.427
MA001117494,560,129,82,1,2.550
MA001122056,190,186,23,9,0.229
MA001122056,190,186,23,3,0.243
MA001122056,190,186,23,3,0.260
MA001122056,190,186,23,11,0.244
MA001122056,190,186,23,6,0.243
MA001122056,190,186,23,2,0.285
MA001122056,190,186,23,7,0.230
MA001122056,190,186,23,2,0.265
MA001122056,190,186,23,3,0.253
MA001122056,190,186,23,3,0.263
MA001122056,190,186,23,6,0.236
MA001122056,190,186,23,3,0.257
MA001122056,190,186,23,1,0.330
MA001122056,190,186,23,3,0.243
MA001122056,190,186,23,5,0.236
MA001122056,190,186,23,3,0.250
MA001122056,190,186,23,15,0.227
MA001122056,190,186,23,16,0.225
MA001122056,190,186,23,3,0.250
MA001122056,190,186,23,3,0.237
MA001122056,190,186,23,4,0.233
MA001122056,190,186,23,1,0.280
MA001122056,190,186,23,6,0.233
MA001122056,190,186,23,5,0.244
MA001122056,190,186,23,2,0.265
MA001122056,190,186,23,20,0.240
MA001122056,190,186,23,2,0.265
MA001122056,190,186,23,1,0.380
MA001122056,190,186,23,1,0.310
MA001122056,190,186,23,9,0.229
MA001122056,190,186,23,3,0.247
MA001122056,190,186,23,5,0.244
MA001122056,190,186,23,22,0.234
MA001122056,190,186,23,17,0.246
MA001122056,190,186,23,3,0.243
MA001122056,190,186,23,3,0.250
MA001122056,190,186,23,1,0.350
MA001122056,190,186,23,6,0.236
MA001122056,190,186,23,19,0.238
MA001122056,190,186,23,14,0.247
MA001122056,190,186,23,6,0.233
MA001122056,190,186,23,3,0.257
MA001122056,190,186,23,2,0.265
MA001122056,190,186,23,2,0.265
MA001122056,190,186,23,3,0.237
MA001122056,190,186,23,3,0.243
MA001122056,190,186,23,3,0.237
MA001122056,190,186,23,5,0.254
MA001122056,190,186,23,9,0.233
MA001122056,190,186,23,3,0.250
MA001122056,190,186,23,3,0.243
MA001122056,190,186,23,3,0.260
MA001122056,190,186,23,5,0.254
MA001122056,190,186,23,2,0.265
MA001122056,190,186,23,1,0.310
MA001122056,190,186,23,3,0.243
MA001122056,190,186,23,4,0.238
MA001122056,190,186,23,6,0.240
MA001122056,190,186,23,1,0.310
MA001122056,190,186,23,3,0.237
MA001122056,190,186,23,6,0.236
MA001122056,190,186,23,3,0.243
MA001122056,190,186,23,1,0.310
MA001122056,190,186,23,3,0.253
MA001122056,190,186,23,23,0.231
MA001122056,190,186,23,12,0.232
MA001122056,190,186,23,5,0.244
MA001122056,190,186,23,1,0.330
MA001122092,190,186,23,3,0.250
MA001122092,190,186,23,8,0.232
MA001122092,190,186,23,4,0.223
MA001122092,190,186,23,3,0.260
MA001122092,190,186,23,3,0.230
MA001122092,190,186,23,4,0.233
MA001122092,190,186,23,6,0.238
MA001122092,190,186,23,2,0.270
MA001122092,190,186,23,4,0.233
MA001122092,190,186,23,13,0.235
MA001122092,190,186,23,14,0.232
MA001122092,190,186,23,8,0.227
MA001122092,190,186,23,8,0.227
MA001122092,190,186,23,6,0.246
MA001122092,190,186,23,8,0.230
MA001122092,190,186,23,4,0.238
MA001122092,190,186,23,4,0.233
MA001122092,190,186,23,13,0.231
MA001122092,190,186,23,11,0.246
MA001122092,190,186,23,17,0.247
MA001122092,190,186,23,8,0.232
MA001122092,190,186,23,3,0.243
MA001122092,190,186,23,1,0.330
MA001122092,190,186,23,2,0.265
MA001122092,190,186,23,2,0.265
MA001122092,190,186,23,8,0.232
MA001122092,190,186,23,4,0.238
MA001122092,190,186,23,4,0.245
MA001122092,190,186,23,1,0.330
MA001122092,190,186,23,58,0.231
MA001122092,190,186,23,1,0.350
MA001122092,190,186,23,12,0.232
MA001122092,190,186,23,36,0.225
MA001122092,190,186,23,4,0.233
MA001122092,190,186,23,4,0.233
MA001122092,190,186,23,30,0.228
MA001122092,190,186,23,4,0.238
MA001122092,190,186,23,7,0.231
MA001122092,190,186,23,2,0.265
MA001122092,190,186,23,2,0.275
MA001122092,190,186,23,24,0.235
MA001122092,190,186,23,4,0.233
MA001122092,190,186,23,18,0.232
MA001122092,190,186,23,5,0.224
MA001122092,190,186,23,3,0.240
MA001122092,190,186,23,1,0.330
MA001122092,190,186,23,4,0.233
MA001122092,190,186,23,5,0.240
MA001122092,190,186,23,2,0.275
MA001122092,190,186,23,11,0.242
MA001122092,190,186,23,4,0.233
MA001122092,190,186,23,2,0.275
MA001122092,190,186,23,7,0.231
MA001122092,190,186,23,5,0.244
MA001122092,190,186,23,8,0.230
MA001134494,560,113,42,1,1.734
MA001139114,340,341,37,3,1.511
MA001139114,340,341,37,1,1.554
MA001139114,340,341,37,2,1.442
MA001139114,340,341,37,1,1.604
MA001139114,340,341,37,1,1.644
MA001139114,340,341,37,1,1.584
MA001139114,340,341,37,6,1.410
MA001139114,340,341,37,1,1.624
MA001139114,340,341,37,6,1.414
MA001139114,340,341,37,3,1.508
MA001139114,340,341,37,1,1.664
MA001139114,340,341,37,1,1.584
MA001139114,340,341,37,1,1.644
MA001139114,340,341,37,3,1.464
MA001139114,340,341,37,2,1.512
MA001139114,340,341,37,1,1.554
MA001139114,340,341,37,3,1.507
MA001139114,340,341,37,1,1.627
MA001139114,340,341,37,2,1.442
MA001139114,340,341,37,1,1.504
MA001139114,340,341,37,1,1.584
MA001139114,340,341,37,6,1.397
MA001139114,340,341,37,3,1.498
MA001139114,340,341,37,3,1.474
MA001139114,340,341,37,11,1.429
MA001139114,340,341,37,1,1.554
MA001139898,560,113,42,1,1.694
MA001139898,560,113,42,2,2.872
MA001139898,560,113,42,1,1.694
MA001151156,336,336,25,1,1.364
MA001151156,336,336,25,2,1.292
MA001151156,336,336,25,4,1.233
MA001151156,336,336,25,4,1.226
MA001151156,336,336,25,8,1.169
MA001151156,336,336,25,4,1.161
MA001151156,336,336,25,6,1.194
MA001151156,336,336,25,2,1.262
MA001151156,336,336,25,2,4.202
MA001151156,336,336,25,1,1.324
MA001151156,336,336,25,1,1.404
MA001151156,336,336,25,2,1.252
MA001151744,340,341,37,3,2.198
MA001151744,340,341,37,1,2.344
MA001151744,340,341,37,4,2.158
MA001151744,340,341,37,1,2.314
MA001151744,340,341,37,1,2.344
MA001151744,340,341,37,2,2.152
MA001151744,340,341,37,3,2.191
MA001151744,340,341,37,1,2.284
MA001151744,340,341,37,3,2.198
MA001151744,340,341,37,3,2.191
MA001151744,340,341,37,6,2.107
MA001151744,340,341,37,2,2.177
MA001151744,340,341,37,3,2.178
MA001151744,340,341,37,3,2.198
MA001154582,340,341,37,3,2.168
MA001154582,340,341,37,84,2.135
MA001154582,340,341,37,4,2.163
MA001154582,340,341,37,66,2.109
MA001154582,340,341,37,48,2.111
MA001154582,340,341,37,18,2.115
MA001154582,340,341,37,80,2.132
MA001154582,340,341,37,77,2.100
MA001154582,340,341,37,36,2.117
MA001154582,340,341,37,30,2.134
MA001154582,340,341,37,24,2.112
MA001154582,340,341,37,48,2.123
MA001163782,340,341,37,36,2.118
MA001163782,340,341,37,1,2.264
MA001163782,340,341,37,8,2.166
MA001163782,340,341,37,16,2.128
MA001163782,340,341,37,6,2.097
MA001163782,340,341,37,6,2.122
MA001163782,340,341,37,12,2.118
MA001163782,340,341,37,27,2.125
MA001163782,340,341,37,3,2.198
MA001163782,340,341,37,8,2.168
MA001163782,340,341,37,12,2.145
MA001163782,340,341,37,8,2.152
MA001163782,340,341,37,4,2.156
MA001163782,340,341,37,9,2.147
MA001163782,340,341,37,1,2.244
MA001163782,340,341,37,1,2.244
MA001163782,340,341,37,1,2.384
MA001163782,340,341,37,3,2.214
MA001163782,340,341,37,17,2.098
MA001163782,340,341,37,42,2.101
MA001163782,340,341,37,9,2.138
MA001163782,340,341,37,10,2.133
MA001163782,340,341,37,6,2.104
MA001163782,340,341,37,5,2.125
MA001163782,340,341,37,1,2.354
MA001163782,340,341,37,5,2.145
MA001163782,340,341,37,48,2.127
MA001163782,340,341,37,51,2.129
MA001163782,340,341,37,18,2.096
MA001163782,340,341,37,30,2.106
MA001163782,340,341,37,6,2.127
MA001163782,340,341,37,55,2.157
MA001163782,340,341,37,6,2.097
MA001163782,340,341,37,10,2.137
MA001163782,340,341,37,18,2.124
MA001163782,340,341,37,19,2.142
MA001163782,340,341,37,18,2.111
MA001163782,340,341,37,66,2.109
MA001163782,340,341,37,2,2.202
MA001163782,340,341,37,42,2.155
MA001163782,340,341,37,42,2.127
MA001163782,340,341,37,6,2.115
MA001163782,340,341,37,30,2.122
MA001163782,340,341,37,10,2.117
MA001163782,340,341,37,54,2.108
MA001163782,340,341,37,53,2.110
MA001163782,340,341,37,10,2.127
MA001163782,340,341,37,2,2.177
MA001163782,340,341,37,1,2.324
MA001163782,340,341,37,4,2.166
MA001165086,190,186,23,1,0.230
MA001165086,190,186,23,1,0.270
MA001165086,190,186,23,1,0.270
MA001165086,190,186,23,1,0.270
MA001165086,190,186,23,1,0.290
MA001165086,190,186,23,1,0.290
MA001169576,336,336,25,20,1.541
MA001169576,336,336,25,48,1.531
MA001169576,336,336,25,92,1.520
MA001169576,336,336,25,20,1.539
MA001169576,336,336,25,40,1.541
MA001169576,336,336,25,40,1.536
MA001169576,336,336,25,35,1.548
MA001169576,336,336,25,60,1.552
MA001169576,336,336,25,3,1.607
MA001169576,336,336,25,60,1.518
MA001169576,336,336,25,18,1.548
MA001169576,336,336,25,44,1.560
MA001169576,336,336,25,64,1.543
MA001169576,336,336,25,84,1.534
MA001169576,336,336,25,67,1.524
MA001169576,336,336,25,80,1.533
MA001169576,336,336,25,31,1.535
MA001169576,336,336,25,2,1.697
MA001169576,336,336,25,3,1.558
MA001169576,336,336,25,40,1.538
MA001169576,336,336,25,55,1.547
MA001169576,336,336,25,172,1.527
MA001169576,336,336,25,80,1.537
MA001169576,336,336,25,40,1.529
MA001169576,336,336,25,76,1.536
MA001169576,336,336,25,103,1.518
MA001169576,336,336,25,80,1.529
MA001169576,336,336,25,115,0.000
MA001169576,336,336,25,20,1.551
MA001169576,336,336,25,12,1.527
MA001169576,336,336,25,8,1.521
MA001169576,336,336,25,48,1.548
MA001169576,336,336,25,52,1.521
MA001169576,336,336,25,148,1.524
MA001169576,336,336,25,4,1.551
MA001169576,336,336,25,20,1.538
MA001169576,336,336,25,40,1.511
MA001169576,336,336,25,40,1.534
MA001169576,336,336,25,64,1.552
MA001169576,336,336,25,95,1.551
MA001169576,336,336,25,92,1.535
MA001169576,336,336,25,72,1.533
MA001169576,336,336,25,116,1.541
MA001169576,336,336,25,72,1.528
MA001169576,336,336,25,40,1.535
MA001169576,336,336,25,60,1.541
MA001169576,336,336,25,40,1.534
MA001169576,336,336,25,108,1.534
MA001169576,336,336,25,92,1.546
MA001169576,336,336,25,20,1.545
MA001169576,336,336,25,20,1.546
MA001169576,336,336,25,12,1.546
MA001169576,336,336,25,124,1.535
MA001169576,336,336,25,72,1.522
MA001169576,336,336,25,56,1.531
MA001169576,336,336,25,40,1.543
MA001169576,336,336,25,32,1.535
MA001169576,336,336,25,59,1.533
MA001169576,336,336,25,20,1.536
MA001169576,336,336,25,20,1.539
MA001169576,336,336,25,20,1.532
MA001169576,336,336,25,20,1.533
MA001169576,336,336,25,20,1.533
MA001169576,336,336,25,55,1.533
MA001169576,336,336,25,80,1.539
MA001169576,336,336,25,20,1.542
MA001171250,336,336,25,7,1.168
MA001171250,336,336,25,27,1.156
MA001171250,336,336,25,6,1.176
MA001171250,336,336,25,5,1.215
MA001171250,336,336,25,8,1.165
MA001171250,336,336,25,2,1.227
MA001171250,336,336,25,1,1.344
MA001171250,336,336,25,7,1.166
MA001171250,336,336,25,7,1.162
MA001171250,336,336,25,15,1.181
MA001171250,336,336,25,8,1.167
MA001171250,336,336,25,1,1.304
MA001171250,336,336,25,6,1.179
MA001171250,336,336,25,36,1.152
MA001171250,336,336,25,27,1.141
MA001171250,336,336,25,44,1.164
MA001171250,336,336,25,7,1.162
MA001171250,336,336,25,1,1.324
MA001171250,336,336,25,5,1.191
MA001171250,336,336,25,12,0.000
MA001171250,336,336,25,12,1.196
MA001171250,336,336,25,6,1.187
MA001171250,336,336,25,17,1.168
MA001171250,336,336,25,6,1.180
MA001171250,336,336,25,9,1.152
MA001171250,336,336,25,5,1.205
MA001171250,336,336,25,4,1.149
MA001171250,336,336,25,9,1.169
MA001171250,336,336,25,2,1.227
MA001171250,336,336,25,5,1.215
MA001171250,336,336,25,13,1.169
MA001171250,336,336,25,14,1.178
MA001171250,336,336,25,1,1.344
MA001171250,336,336,25,11,1.203
MA001174412,336,336,25,4,1.176
MA001174412,336,336,25,9,0.000
MA001174412,336,336,25,7,1.188
MA001174412,336,336,25,3,1.189
MA001174412,336,336,25,2,1.282
MA001174412,336,336,25,5,1.225
MA001174412,336,336,25,1,1.304
MA001174412,336,336,25,7,1.182
MA001174412,336,336,25,2,1.242
MA001174412,336,336,25,1,1.354
MA001174412,336,336,25,3,1.168
MA001174412,336,336,25,7,1.173
MA001174412,336,336,25,1,1.344
MA001174412,336,336,25,4,1.223
MA001174412,336,336,25,5,1.211
MA001174412,336,336,25,3,1.215
MA001174412,336,336,25,1,1.344
MA001174412,336,336,25,2,1.252
MA001174412,336,336,25,1,1.404
MA001174412,336,336,25,1,1.324
MA001174412,336,336,25,5,1.195
MA001174412,336,336,25,3,1.181
MA001174412,336,336,25,4,1.218
MA001174412,336,336,25,1,1.544
MA001174412,336,336,25,3,1.188
MA001174412,336,336,25,2,1.232
MA001174412,336,336,25,1,1.354
MA001174412,336,336,25,1,1.424
MA001174412,336,336,25,1,1.384
MA001174412,336,336,25,7,1.200
MA001189502,190,186,23,1,0.280
MA001189502,190,186,23,9,0.169
MA001189502,190,186,23,1,0.210
MA001189502,190,186,23,1,0.290
MA001189502,190,186,23,9,0.175
MA001189502,190,186,23,11,0.180
MA001190804,190,186,23,17,0.158
MA001190804,190,186,23,8,0.162
MA001190804,190,186,23,11,0.169
MA001190804,190,186,23,4,0.168
MA001190804,190,186,23,6,0.170
MA001190804,190,186,23,9,0.158
MA001190804,190,186,23,4,0.173
MA001190804,190,186,23,11,0.166
MA001190804,190,186,23,6,0.176
MA001190804,190,186,23,10,0.170
MA001190804,190,186,23,4,0.168
MA001190804,190,186,23,4,0.170
MA001190804,190,186,23,4,0.168
MA001190804,190,186,23,9,0.158
MA001190804,190,186,23,7,0.173
MA001190804,190,186,23,5,0.172
MA001190804,190,186,23,4,0.168
MA001190804,190,186,23,10,0.172
MA001190804,190,186,23,8,0.162
MA001190804,190,186,23,4,0.168
MA001190804,190,186,23,9,0.173
MA001190804,190,186,23,4,0.173
MA001190804,190,186,23,4,0.168
MA001190804,190,186,23,4,0.163
MA001190804,190,186,23,6,0.170
MA001190804,190,186,23,6,0.185
MA001190804,190,186,23,4,0.173
MA001190804,190,186,23,4,0.188
MA001190804,190,186,23,6,0.165
MA001190804,190,186,23,4,0.168
MA001190804,190,186,23,12,0.171
MA001190804,190,186,23,10,0.170
MA001190804,190,186,23,4,0.168
MA001190804,190,186,23,4,0.170
MA001190804,190,186,23,6,0.166
MA001190844,190,186,23,5,0.236
MA001190844,190,186,23,6,0.230
MA001190844,190,186,23,8,0.212
MA001190844,190,186,23,11,0.222
MA001190844,190,186,23,1,0.310
MA001190844,190,186,23,3,0.237
MA001190844,190,186,23,12,0.222
MA001190844,190,186,23,16,0.210
MA001190844,190,186,23,1,0.330
MA001190844,190,186,23,5,0.224
MA001190844,190,186,23,12,0.225
MA001190844,190,186,23,21,0.220
MA001190844,190,186,23,15,0.214
MA001190844,190,186,23,17,0.230
MA001190844,190,186,23,1,0.330
MA001190844,190,186,23,3,0.227
MA001190844,190,186,23,5,0.228
MA001190844,190,186,23,8,0.215
MA001190844,190,186,23,17,0.230
MA001190844,190,186,23,6,0.221
MA001190844,190,186,23,4,0.220
MA001190844,190,186,23,5,0.224
MA001190844,190,186,23,11,0.220
MA001190844,190,186,23,1,0.310
MA001190844,190,186,23,18,0.229
MA001190844,190,186,23,8,0.221
MA001190844,190,186,23,2,0.245
MA001190844,190,186,23,24,0.221
MA001190844,190,186,23,25,0.231
MA001190844,190,186,23,6,0.223
MA001190844,190,186,23,22,0.222
MA001190844,190,186,23,20,0.223
MA001190844,190,186,23,1,0.330
MA001190844,190,186,23,8,0.215
MA001190844,190,186,23,5,0.228
MA001190844,190,186,23,3,0.243
MA001190844,190,186,23,33,0.212
MA001190844,190,186,23,6,0.220
MA001190844,190,186,23,30,0.217
MA001190844,190,186,23,12,0.217
MA001190844,190,186,23,8,0.212
MA001190844,190,186,23,52,0.217
MA001190844,190,186,23,14,0.210
MA001190844,190,186,23,24,0.220
MA001190844,190,186,23,17,0.210
MA001190844,190,186,23,10,0.230
MA001190844,190,186,23,3,0.230
MA001190844,190,186,23,6,0.216
MA001190844,190,186,23,20,0.221
MA001190844,190,186,23,1,0.310
MA001190844,190,186,23,2,0.245
MA001190844,190,186,23,5,0.228
MA001190844,190,186,23,17,0.228
MA001190844,190,186,23,6,0.282
MA001190844,190,186,23,7,0.217
MA001190846,190,186,23,32,0.183
MA001190846,190,186,23,1,0.270
MA001190846,190,186,23,9,0.195
MA001190846,190,186,23,26,0.187
MA001190846,190,186,23,66,0.184
MA001190846,190,186,23,12,0.185
MA001190846,190,186,23,32,0.181
MA001190846,190,186,23,3,0.210
MA001190846,190,186,23,68,0.183
MA001190846,190,186,23,7,0.188
MA001190846,190,186,23,40,0.189
MA001190846,190,186,23,4,0.195
MA001190846,190,186,23,32,0.183
MA001190846,190,186,23,24,0.191
MA001190846,190,186,23,11,0.195
MA001190846,190,186,23,16,0.182
MA001190846,190,186,23,23,0.191
MA001190846,190,186,23,6,0.186
MA001190846,190,186,23,32,0.184
MA001190846,190,186,23,58,0.185
MA001190846,190,186,23,4,0.198
MA001190846,190,186,23,68,0.181
MA001190846,190,186,23,68,0.181
MA001190846,190,186,23,40,0.190
MA001190846,190,186,23,54,0.188
MA001190846,190,186,23,10,0.192
MA001190846,190,186,23,13,0.188
MA001190846,190,186,23,3,0.203
MA001190846,190,186,23,16,0.181
MA001190846,190,186,23,9,0.180
MA001190846,190,186,23,2,0.225
MA001190846,190,186,23,7,0.185
MA001190846,190,186,23,18,0.199
MA001190846,190,186,23,4,0.188
MA001190846,190,186,23,2,0.215
MA001190846,190,186,23,81,0.187
MA001190846,190,186,23,7,0.188
MA001190846,190,186,23,64,0.185
MA001192128,336,336,25,1,2.073
MA001192128,336,336,25,1,1.718
MA001192128,336,336,25,8,1.541
MA001192128,336,336,25,2,1.662
MA001192128,336,336,25,2,1.647
MA001192128,336,336,25,1,1.664
MA001192128,336,336,25,3,1.564
MA001192128,336,336,25,1,1.604
MA001192128,336,336,25,1,1.732
MA001192128,336,336,25,1,1.694
MA001192128,336,336,25,1,1.644
MA001192128,336,336,25,2,1.677
MA001192128,336,336,25,2,1.677
MA001192128,336,336,25,2,1.712
MA001192128,336,336,25,1,1.584
MA001192608,560,113,42,2,1.577
MA001192608,560,113,42,23,1.541
MA001192608,560,113,42,2,1.607
MA001192608,560,113,42,39,1.532
MA001192608,560,113,42,9,1.559
MA001192608,560,113,42,7,1.611
MA001192608,560,113,42,12,1.515
MA001192608,560,113,42,1,1.814
MA001192608,560,113,42,3,1.518
MA001192608,560,113,42,3,1.511
MA001192608,560,113,42,15,1.533
MA001192608,560,113,42,7,1.575
MA001192608,560,113,42,3,1.531
MA001192608,560,113,42,7,1.611
MA001192608,560,113,42,12,1.542
MA001192608,560,113,42,16,1.499
MA001192608,560,113,42,6,1.536
MA001192608,560,113,42,32,1.459
MA001192608,560,113,42,1,1.834
MA001192608,560,113,42,1,1.874
MA001192608,560,113,42,1,1.754
MA001192608,560,113,42,1,1.698
MA001192608,560,113,42,6,1.536
MA001192608,560,113,42,10,1.551
MA001192608,560,113,42,12,1.535
MA001192608,560,113,42,8,1.547
MA001192608,560,113,42,38,1.540
MA001192608,560,113,42,5,1.553
MA001192608,560,113,42,4,1.569
MA001192608,560,113,42,1,1.714
MA001192608,560,113,42,16,1.529
MA001192608,560,113,42,4,1.574
MA001192608,560,113,42,18,1.533
MA001192608,560,113,42,18,1.542
MA001192608,560,113,42,2,1.587
MA001192608,560,113,42,2,1.607
MA001192608,560,113,42,8,1.558
MA001192608,560,113,42,5,1.581
MA001192608,560,113,42,21,1.541
MA001192608,560,113,42,8,1.509
MA001192608,560,113,42,16,1.540
MA001192608,560,113,42,28,1.528
MA001192608,560,113,42,13,1.565
MA001192608,560,113,42,12,1.526
MA001192608,560,113,42,2,1.607
MA001192608,560,113,42,16,1.548
MA001192608,560,113,42,1,1.664
MA001192608,560,113,42,6,1.536
MA001192608,560,113,42,2,1.612
MA001192608,560,113,42,4,1.564
MA001192608,560,113,42,2,1.637
MA001192608,560,113,42,1,1.694
MA001192608,560,113,42,4,1.539
MA001192608,560,113,42,4,1.554
MA001192608,560,113,42,1,1.674
MA001192608,560,113,42,2,1.577
MA001192608,560,113,42,3,1.538
MA001192608,560,113,42,1,1.694
MA001192608,560,113,42,14,1.540
MA001192608,560,113,42,12,1.519
MA001192608,560,113,42,5,1.555
MA001192608,560,113,42,10,1.548
MA001192608,560,113,42,4,1.564
MA001192608,560,113,42,7,1.584
MA001192608,560,113,42,11,1.586
MA001192608,560,113,42,20,1.548
MA001192608,560,113,42,11,1.559
MA001192608,560,113,42,19,1.563
MA001192608,560,113,42,2,1.597
MA001192608,560,113,42,2,1.607
MA001192608,560,113,42,12,1.523
MA001197044,336,336,25,1,1.904
MA001197044,336,336,25,1,1.864
MA001200406,190,186,29,7,0.260
MA001200406,190,186,29,7,0.267
MA001202020,336,336,25,4,1.516
MA001202020,336,336,25,5,1.617
MA001202020,336,336,25,2,1.647
MA001202020,336,336,25,2,1.717
MA001202020,336,336,25,8,1.590
MA001202020,336,336,25,8,1.543
MA001202020,336,336,25,16,1.788
MA001202020,336,336,25,3,1.598
MA001211986,190,186,29,6,0.274
MA001211986,190,186,29,7,0.264
MA001211986,190,186,29,4,0.322
MA001211986,190,186,29,112,0.259
MA001211986,190,186,29,7,0.263
MA001211986,190,186,29,308,0.258
MA001211986,190,186,29,10,0.268
MA001211986,190,186,29,42,0.266
MA001211986,190,186,29,53,0.260
MA001211986,190,186,29,56,0.259
MA001211986,190,186,29,3,0.277
MA001211986,190,186,29,18,0.272
MA001211986,190,186,29,4,0.275
MA001211986,190,186,29,15,0.281
MA001224140,336,336,25,12,1.534
MA001224140,336,336,25,20,1.520
MA001224140,336,336,25,8,1.548
MA001224140,336,336,25,96,1.546
MA001224140,336,336,25,96,1.536
MA001224140,336,336,25,28,1.546
MA001224140,336,336,25,8,1.516
MA001224140,336,336,25,16,1.526
MA001224140,336,336,25,40,1.539
MA001224140,336,336,25,79,1.522
MA001224140,336,336,25,36,1.528
MA001224140,336,336,25,12,1.527
MA001224140,336,336,25,39,1.531
MA001224140,336,336,25,156,1.539
MA001224140,336,336,25,1,1.724
MA001224140,336,336,25,32,1.535
MA001224140,336,336,25,38,1.540
MA001224140,336,336,25,8,1.514
MA001224140,336,336,25,8,1.521
MA001224140,336,336,25,2,1.647
MA001224140,336,336,25,40,1.545
MA001224140,336,336,25,6,1.581
MA001224140,336,336,25,3,1.584
MA001224140,336,336,25,36,1.521
MA001224140,336,336,25,32,1.511
MA001224140,336,336,25,11,1.555
MA001231748,190,186,23,6,0.178
MA001232958,190,186,23,12,0.181
MA001232958,190,186,23,5,0.188
MA001232958,190,186,23,9,0.158
MA001232958,190,186,23,8,0.170
MA001232958,190,186,23,12,0.172
MA001232958,190,186,23,33,0.168
MA001232958,190,186,23,24,0.176
MA001232958,190,186,23,15,0.167
MA001232958,190,186,23,17,0.187
MA001232958,190,186,23,6,0.176
MA001232958,190,186,23,33,0.170
MA001232958,190,186,23,11,0.173
MA001239272,190,186,23,1,0.330
MA001239272,190,186,23,2,0.290
MA001239272,190,186,23,7,0.237
MA001239272,190,186,23,5,0.254
MA001239272,190,186,23,3,0.237
MA001239272,190,186,23,2,0.285
MA001239272,190,186,23,6,0.240
MA001239272,190,186,23,32,0.229
MA001239272,190,186,23,1,0.310
MA001239272,190,186,23,1,0.330
MA001239272,190,186,23,1,0.330
MA001239272,190,186,23,1,0.310
MA001239272,190,186,23,1,0.370
MA001239272,190,186,23,1,0.330
MA001239272,190,186,23,1,0.300
MA001239272,190,186,23,1,0.330
MA001239272,190,186,23,67,0.230
MA001239272,190,186,23,2,0.284
MA001239272,190,186,23,1,0.330
MA001239272,190,186,23,1,0.330
MA001239272,190,186,23,1,0.380
MA001239272,190,186,23,9,0.233
MA001239272,190,186,23,4,0.233
MA001239272,190,186,23,2,0.275
MA001239272,190,186,23,9,0.229
MA001239272,190,186,23,11,0.244
MA001239272,190,186,23,2,0.265
MA001239272,190,186,23,1,0.330
MA001239700,336,336,25,1,1.384
MA001239700,336,336,25,1,1.404
MA001239700,336,336,25,1,1.404
MA001239700,336,336,25,1,1.454
MA001239702,336,336,25,2,1.232
MA001239702,336,336,25,2,1.227
MA001239702,336,336,25,1,1.304
MA001239702,336,336,25,1,1.384
MA001239702,336,336,25,2,1.252
MA001242078,560,113,42,4,1.501
MA001242116,336,336,25,1,0.000
MA001242116,336,336,25,1,1.324
MA001242116,336,336,25,1,1.464
MA001242116,336,336,25,1,1.324
MA001242116,336,336,25,1,1.554
MA001244828,340,341,37,1,1.624
MA001248152,190,186,23,3,0.257
MA001248152,190,186,23,2,0.265
MA001248152,190,186,23,2,0.265
MA001248152,190,186,23,3,0.260
MA001248152,190,186,23,1,0.330
MA001248152,190,186,23,3,0.370
MA001248152,190,186,23,2,0.275
MA001248152,190,186,23,1,0.310
MA001248152,190,186,23,2,0.255
MA001248152,190,186,23,3,0.260
MA001248152,190,186,23,1,0.330
MA001248152,190,186,23,3,0.243
MA001248152,190,186,23,1,0.230
MA001248152,190,186,23,1,0.330
MA001248152,190,186,23,1,0.330
MA001248152,190,186,23,3,0.250
MA001248152,190,186,23,3,0.237
MA001248152,190,186,23,2,0.290
MA001248152,190,186,23,1,0.310
MA001248152,190,186,23,1,0.330
MA001248152,190,186,23,2,0.265
MA001248152,190,186,23,3,0.243
MA001248152,190,186,23,2,0.265
MA001248152,190,186,23,1,0.350
MA001248152,190,186,23,1,0.350
MA001248152,190,186,23,3,0.243
MA001248152,190,186,23,2,0.265
MA001248152,190,186,23,3,0.260
MA001248152,190,186,23,2,0.265
MA001248152,190,186,23,2,0.265
MA001248152,190,186,23,2,0.275
MA001248152,190,186,23,2,0.285
MA001248152,190,186,23,1,0.330
MA001248152,190,186,23,3,0.247
MA001248152,190,186,23,5,0.256
MA001248152,190,186,23,2,0.284
MA001248152,190,186,23,1,0.330
MA001248152,190,186,23,1,0.370
MA001248152,190,186,23,2,0.265
MA001249388,336,336,25,44,1.157
MA001249388,336,336,25,18,1.169
MA001249388,336,336,25,9,1.171
MA001249388,336,336,25,28,1.166
MA001249388,336,336,25,18,1.161
MA001249388,336,336,25,7,1.175
MA001249388,336,336,25,41,1.166
MA001249388,336,336,25,35,1.161
MA001249388,336,336,25,6,1.182
MA001249388,336,336,25,26,1.164
MA001249388,336,336,25,90,1.165
MA001249388,336,336,25,23,1.179
MA001249388,336,336,25,45,1.169
MA001249388,336,336,25,4,1.188
MA001249388,336,336,25,36,1.166
MA001249388,336,336,25,35,1.147
MA001249388,336,336,25,64,1.168
MA001249388,336,336,25,10,1.160
MA001249388,336,336,25,4,1.186
MA001249388,336,336,25,1,1.344
MA001249388,336,336,25,36,1.177
MA001249388,336,336,25,5,1.183
MA001249388,336,336,25,77,1.183
MA001249388,336,336,25,63,1.162
MA001249388,336,336,25,14,1.179
MA001249388,336,336,25,45,1.157
MA001249388,336,336,25,9,1.176
MA001249388,336,336,25,36,1.165
MA001249388,336,336,25,3,0.000
MA001249388,336,336,25,9,1.156
MA001249388,336,336,25,18,1.161
MA001249388,336,336,25,45,1.158
MA001255716,336,336,25,7,1.172
MA001255716,336,336,25,17,1.157
MA001255716,336,336,25,13,1.187
MA001255716,336,336,25,1,1.414
MA001255716,336,336,25,1,1.464
MA001255716,336,336,25,8,1.160
MA001255716,336,336,25,8,1.175
MA001255716,336,336,25,5,1.185
MA001255716,336,336,25,7,1.169
MA001255716,336,336,25,2,1.252
MA001255716,336,336,25,3,1.201
MA001255716,336,336,25,11,1.192
MA001255716,336,336,25,8,1.160
MA001255716,336,336,25,3,1.205
MA001255716,336,336,25,1,1.384
MA001255716,336,336,25,9,1.142
MA001255716,336,336,25,4,1.139
MA001255716,336,336,25,7,1.182
MA001255716,336,336,25,1,1.444
MA001255716,336,336,25,3,1.195
MA001255716,336,336,25,6,1.206
MA001255716,336,336,25,5,1.221
MA001255716,336,336,25,1,1.354
MA001255716,336,336,25,6,1.186
MA001255716,336,336,25,3,1.195
MA001255716,336,336,25,18,1.156
MA001255716,336,336,25,1,1.364
MA001255848,336,336,25,7,1.289
MA001255848,336,336,25,2,1.252
MA001255848,336,336,25,2,1.252
MA001255848,336,336,25,3,1.201
MA001256910,190,186,23,4,0.193
MA001256910,190,186,23,66,0.195
MA001256910,190,186,23,4,0.208
MA001256910,190,186,23,601,0.194
MA001256910,190,186,23,237,0.195
MA001256910,190,186,23,340,0.196
MA001256910,190,186,23,3,0.223
MA001256910,190,186,23,6,0.206
MA001256910,190,186,23,27,0.200
MA001256910,190,186,23,286,0.191
MA001256910,190,186,23,158,0.198
MA001256910,190,186,23,252,0.194
MA001256910,190,186,23,11,0.206
MA001256910,190,186,23,3,0.220
MA001256910,190,186,23,22,0.208
MA001256910,190,186,23,35,0.196
MA001256910,190,186,23,540,0.193
MA001256910,190,186,23,4,0.208
MA001256910,190,186,23,4,0.208
MA001256910,190,186,23,16,0.195
MA001256910,190,186,23,90,0.195
MA001256910,190,186,23,1,0.280
MA001256910,190,186,23,4,0.188
MA001256910,190,186,23,3,0.217
MA001256910,190,186,23,575,0.193
MA001256910,190,186,23,28,0.202
MA001256910,190,186,23,10,0.204
MA001256910,190,186,23,3,0.227
MA001256910,190,186,23,7,0.203
MA001256910,190,186,23,49,0.201
MA001256910,190,186,23,9,0.196
MA001256910,190,186,23,252,0.194
MA001256910,190,186,23,283,0.194
MA001256910,190,186,23,273,0.196
MA001256910,190,186,23,2,0.255
MA001256910,190,186,23,1,0.290
MA001256910,190,186,23,340,0.197
MA001256910,190,186,23,22,0.202
MA001256910,190,186,23,264,0.198
MA001256910,190,186,23,287,0.195
MA001256910,190,186,23,2,0.264
MA001256910,190,186,23,5,0.208
MA001256910,190,186,23,34,0.195
MA001256910,190,186,23,3,0.250
MA001256910,190,186,23,30,0.200
MA001256910,190,186,23,356,0.194
MA001256910,190,186,23,39,0.206
MA001256910,190,186,23,14,0.207
MA001256910,190,186,23,204,0.193
MA001256910,190,186,23,319,0.192
MA001256910,190,186,23,15,0.196
MA001256910,190,186,23,6,0.203
MA001256910,190,186,23,14,0.199
MA001256910,190,186,23,12,0.215
MA001256910,190,186,23,180,0.195
MA001256910,190,186,23,62,0.195
MA001256910,190,186,23,11,0.209
MA001256910,190,186,23,30,0.200
MA001256910,190,186,23,30,0.197
MA001256910,190,186,23,5,0.212
MA001256910,190,186,23,26,0.201
MA001256910,190,186,23,8,0.197
MA001256910,190,186,23,9,0.196
MA001257690,336,336,25,72,1.519
MA001257690,336,336,25,3,1.578
MA001257690,336,336,25,1,1.644
MA001257766,336,336,25,27,1.529
MA001257766,336,336,25,4,1.508
MA001257766,336,336,25,22,1.575
MA001257766,336,336,25,43,1.535
MA001257766,336,336,25,20,1.536
MA001257766,336,336,25,60,1.555
MA001257766,336,336,25,32,1.543
MA001257766,336,336,25,30,1.539
MA001257766,336,336,25,7,1.561
MA001257766,336,336,25,4,1.533
MA001257766,336,336,25,36,1.564
MA001257766,336,336,25,41,1.540
MA001257766,336,336,25,16,1.531
MA001257766,336,336,25,2,1.697
MA001257766,336,336,25,76,1.548
MA001257766,336,336,25,59,1.546
MA001257766,336,336,25,16,1.533
MA001257766,336,336,25,3,1.598
MA001257766,336,336,25,60,1.528
MA001257766,336,336,25,76,1.532
MA001257766,336,336,25,28,1.510
MA001257766,336,336,25,100,1.539
MA001257766,336,336,25,60,1.527
MA001257766,336,336,25,64,1.526
MA001270654,336,336,25,18,1.139
MA001270654,336,336,25,25,1.174
MA001270654,336,336,25,27,1.162
MA001270654,336,336,25,13,1.189
MA001270654,336,336,25,18,1.155
MA001270654,336,336,25,9,1.154
MA001270654,336,336,25,8,1.168
MA001270654,336,336,25,13,1.196
MA001270654,336,336,25,27,1.140
MA001270654,336,336,25,7,1.168
MA001270654,336,336,25,17,1.168
MA001270654,336,336,25,27,1.147
MA001270654,336,336,25,12,1.207
MA001270654,336,336,25,1,1.404
MA001270654,336,336,25,2,1.252
MA001270654,336,336,25,1,1.404
MA001270654,336,336,25,3,1.188
MA001270654,336,336,25,6,1.189
MA001270654,336,336,25,18,1.165
MA001270654,336,336,25,3,1.168
MA001270654,336,336,25,10,1.209
MA001270654,336,336,25,1,1.424
MA001270654,336,336,25,21,1.183
MA001270654,336,336,25,16,1.173
MA001270654,336,336,25,8,1.162
MA001270654,336,336,25,18,1.175
MA001270654,336,336,25,36,1.159
MA001270654,336,336,25,28,1.162
MA001270654,336,336,25,24,1.244
MA001270654,336,336,25,9,1.158
MA001270654,336,336,25,15,1.180
MA001270654,336,336,25,9,1.159
MA001270654,336,336,25,6,1.176
MA001278470,336,336,25,4,1.233
MA001278470,336,336,25,4,1.258
MA001278470,336,336,25,2,1.242
MA001278470,336,336,25,4,1.233
MA001278470,336,336,25,5,1.203
MA001279360,560,113,42,12,1.532
MA001279360,560,113,42,1,1.704
MA001279360,560,113,42,1,1.804
MA001279360,560,113,42,1,1.704
MA001279360,560,113,42,1,1.664
MA001279360,560,113,42,1,1.704
MA001280868,340,341,37,4,1.308
MA001280868,340,341,37,3,1.374
MA001280868,340,341,37,2,1.377
MA001280868,340,341,37,5,1.291
MA001280868,340,341,37,2,1.342
MA001280868,340,341,37,1,1.504
MA001280868,340,341,37,2,1.262
MA001280868,340,341,37,5,1.299
MA001280868,340,341,37,3,1.341
MA001280868,340,341,37,2,1.324
MA001280868,340,341,37,5,1.298
MA001280868,340,341,37,1,1.404
MA001280868,340,341,37,4,1.323
MA001280868,340,341,37,1,1.404
MA001280868,340,341,37,3,1.341
MA001280868,340,341,37,1,1.424
MA001280868,340,341,37,4,1.306
MA001280868,340,341,37,5,1.303
MA001280868,340,341,37,1,1.454
MA001280868,340,341,37,3,1.338
MA001280868,340,341,37,1,1.424
MA001280954,344,347,38,18,0.893
MA001280954,344,347,38,6,0.897
MA001280954,344,347,38,24,0.877
MA001280954,344,347,38,24,0.889
MA001280954,344,347,38,24,0.893
MA001280954,344,347,38,18,0.881
MA001280954,344,347,38,3,0.958
MA001280954,344,347,38,30,0.862
MA001280954,344,347,38,18,0.889
MA001280954,344,347,38,30,0.882
MA001280954,344,347,38,18,0.884
MA001286028,338,342,31,1,1.604
MA001286028,338,342,31,2,1.427
MA001286028,338,342,31,1,1.614
MA001286028,338,342,31,5,1.419
MA001286028,338,342,31,1,1.584
MA001286028,338,342,31,4,1.506
MA001286028,338,342,31,2,1.482
MA001286028,338,342,31,5,1.455
MA001286028,338,342,31,1,1.584
MA001286028,338,342,31,2,1.477
MA001286028,338,342,31,4,1.463
MA001286028,338,342,31,5,1.455
MA001286028,338,342,31,1,1.566
MA001286028,338,342,31,1,1.564
MA001286028,338,342,31,1,1.604
MA001286028,338,342,31,2,1.422
MA001286028,338,342,31,2,1.472
MA001286028,338,342,31,1,1.620
MA001286028,338,342,31,3,1.408
MA001286028,338,342,31,4,1.468
MA001286028,338,342,31,3,1.418
MA001286028,338,342,31,3,1.415
MA001286028,338,342,31,2,1.462
MA001293366,560,113,42,34,1.600
MA001293366,560,113,42,1,1.814
MA001293366,560,113,42,60,1.559
MA001293366,560,113,42,2,1.627
MA001293366,560,113,42,113,1.560
MA001293366,560,113,42,71,1.573
MA001293366,560,113,42,4,1.599
MA001293366,560,113,42,57,1.591
MA001293366,560,113,42,1,1.754
MA001293366,560,113,42,4,1.664
MA001293366,560,113,42,12,1.602
MA001293366,560,113,42,12,1.599
MA001293366,560,113,42,120,1.582
MA001293366,560,113,42,4,1.594
MA001303686,190,186,23,364,0.197
MA001303686,190,186,23,360,0.193
MA001303694,340,341,37,1,1.544
MA001316840,336,336,25,1,2.744
MA001318794,338,342,31,1,1.524
MA001318794,338,342,31,1,1.554
MA001318794,338,342,31,1,1.554
MA001318794,338,342,31,2,1.412
MA001318794,338,342,31,1,1.554
MA001318794,338,342,31,1,1.544
MA001325232,336,336,25,4,1.516
MA001325232,336,336,25,2,1.637
MA001332438,336,336,25,20,1.735
MA001332438,336,336,25,2,1.897
MA001332438,336,336,25,12,1.740
MA001332438,336,336,25,6,1.764
MA001332438,336,336,25,55,1.725
MA001332438,336,336,25,2,1.909
MA001332438,336,336,25,44,1.985
MA001332438,336,336,25,31,1.728
MA001332438,336,336,25,48,1.746
MA001332438,336,336,25,67,1.746
MA001332438,336,336,25,16,1.743
MA001332438,336,336,25,28,1.729
MA001332438,336,336,25,28,1.721
MA001332438,336,336,25,16,1.743
MA001332438,336,336,25,28,1.731
MA001332438,336,336,25,48,1.726
MA001332438,336,336,25,60,1.723
MA001332438,336,336,25,40,1.729
MA001332438,336,336,25,76,1.713
MA001332438,336,336,25,56,1.703
MA001332438,336,336,25,60,1.724
MA001332438,336,336,25,44,1.741
MA001332446,336,336,25,1,1.654
MA001332446,336,336,25,3,1.631
MA001332446,336,336,25,1,1.704
MA001332446,336,336,25,1,1.654
MA001332446,336,336,25,1,1.674
MA001333052,336,336,25,1,2.082
MA001333052,336,336,25,9,1.755
MA001333052,336,336,25,8,1.697
MA001333052,336,336,25,8,1.683
MA001333052,336,336,25,1,1.924
MA001333052,336,336,25,2,1.857
MA001333052,336,336,25,2,1.867
MA001333052,336,336,25,4,1.733
MA001333052,336,336,25,1,1.884
MA001333052,336,336,25,11,1.695
MA001333052,336,336,25,7,1.709
MA001333052,336,336,25,1,1.854
MA001333052,336,336,25,1,1.854
MA001333052,336,336,25,1,1.854
MA001333052,336,336,25,2,1.837
MA001333052,336,336,25,4,1.671
MA001333052,336,336,25,3,1.711
MA001333052,336,336,25,3,1.741
MA001333052,336,336,25,3,1.741
MA001333052,336,336,25,3,1.724
MA001333052,336,336,25,2,1.837
MA001333052,336,336,25,4,1.716
MA001333052,336,336,25,4,1.736
MA001333052,336,336,25,2,2.412
MA001333052,336,336,25,4,1.706
MA001333052,336,336,25,3,1.738
MA001333052,336,336,25,5,1.769
MA001333052,336,336,25,2,1.835
MA001333052,336,336,25,1,1.804
MA001337688,336,336,25,1,1.444
MA001337688,336,336,25,3,1.201
MA001337688,336,336,25,14,1.173
MA001337688,336,336,25,1,1.324
MA001337688,336,336,25,1,1.384
MA001337688,336,336,25,2,1.322
MA001337688,336,336,25,4,1.253
MA001337688,336,336,25,2,1.237
MA001337688,336,336,25,1,1.404
MA001337688,336,336,25,1,1.354
MA001337688,336,336,25,3,1.201
MA001337688,336,336,25,2,1.262
MA001337688,336,336,25,4,1.166
MA001337688,336,336,25,3,1.218
MA001337688,336,336,25,2,1.227
MA001337688,336,336,25,2,1.252
MA001337688,336,336,25,27,1.171
MA001337688,336,336,25,7,1.182
MA001337688,336,336,25,4,1.181
MA001337688,336,336,25,4,1.175
MA001337688,336,336,25,1,1.364
MA001337688,336,336,25,2,1.292
MA001337688,336,336,25,2,1.252
MA001337688,336,336,25,2,1.242
MA001337688,336,336,25,1,1.484
MA001337688,336,336,25,1,1.324
MA001337688,336,336,25,4,1.248
MA001337688,336,336,25,4,1.218
MA001337688,336,336,25,5,1.215
MA001337688,336,336,25,10,1.211
MA001337688,336,336,25,9,1.159
MA001337688,336,336,25,3,1.208
MA001337688,336,336,25,1,1.354
MA001337688,336,336,25,5,1.259
MA001337688,336,336,25,3,1.208
MA001337688,336,336,25,1,1.384
MA001337688,336,336,25,7,1.196
MA001337688,336,336,25,4,1.164
MA001337688,336,336,25,2,1.262
MA001337688,336,336,25,2,1.252
MA001337688,336,336,25,1,1.404
MA001337688,336,336,25,4,1.171
MA001337688,336,336,25,1,1.354
MA001337688,336,336,25,6,1.222
MA001337688,336,336,25,2,1.152
MA001337688,336,336,25,2,1.262
MA001337688,336,336,25,1,1.398
MA001337688,336,336,25,1,1.354
MA001337688,336,336,25,2,1.292
MA001337688,336,336,25,98,1.173
MA001337688,336,336,25,17,1.166
MA001337688,336,336,25,1,1.364
MA001337688,336,336,25,2,1.252
MA001337688,336,336,25,1,1.384
MA001337688,336,336,25,8,1.170
MA001337688,336,336,25,1,1.354
MA001337688,336,336,25,1,1.304
MA001337688,336,336,25,4,1.243
MA001337688,336,336,25,1,1.354
MA001337688,336,336,25,1,1.564
MA001337688,336,336,25,12,1.195
MA001337688,336,336,25,2,1.252
MA001337688,336,336,25,2,1.242
MA001337688,336,336,25,2,1.242
MA001337688,336,336,25,1,1.354
MA001337688,336,336,25,1,1.364
MA001337688,336,336,25,20,1.158
MA001337688,336,336,25,1,1.354
MA001337688,336,336,25,6,1.179
MA001337688,336,336,25,3,1.201
MA001337688,336,336,25,2,1.232
MA001337688,336,336,25,2,1.227
MA001337688,336,336,25,2,1.252
MA001353690,560,129,82,12,2.284
MA001353690,560,129,82,24,2.124
MA001353690,560,129,82,20,2.169
MA001353690,560,129,82,3,2.296
MA001353690,560,129,82,2,2.157
MA001353690,560,129,82,4,2.129
MA001353690,560,129,82,14,2.155
MA001353690,560,129,82,21,2.210
MA001353690,560,129,82,7,2.210
MA001353690,560,129,82,17,2.275
MA001353690,560,129,82,7,2.190
MA001353690,560,129,82,19,2.178
MA001353690,560,129,82,12,2.141
MA001353690,560,129,82,16,2.162
MA001353690,560,129,82,16,2.191
MA001353690,560,129,82,16,2.233
MA001353690,560,129,82,24,2.277
MA001353690,560,129,82,12,2.166
MA001353690,560,129,82,9,2.245
MA001353690,560,129,82,7,3.403
MA001353690,560,129,82,27,2.188
MA001353690,560,129,82,45,2.168
MA001353690,560,129,82,19,2.190
MA001353690,560,129,82,2,2.197
MA001368460,334,336,26,1,0.904
MA001368460,334,336,26,57,0.684
MA001368460,334,336,26,5,0.755
MA001368460,334,336,26,8,0.685
MA001368460,334,336,26,5,0.745
MA001368460,334,336,26,63,0.694
MA001368460,334,336,26,4,0.743
MA001368460,334,336,26,4,0.691
MA001394054,340,341,37,1,1.524
MA001398098,336,336,25,1,1.354
MA001398098,336,336,25,1,1.344
MA001398098,336,336,25,9,1.162
MA001398098,336,336,25,2,1.252
MA001398098,336,336,25,6,1.187
MA001398098,336,336,25,2,1.242
MA001398098,336,336,25,7,1.182
MA001398098,336,336,25,7,1.210
MA001398098,336,336,25,16,1.157
MA001398098,336,336,25,1,1.404
MA001398098,336,336,25,5,1.223
MA001398098,336,336,25,9,1.159
MA001398098,336,336,25,2,1.232
MA001403974,190,186,23,3,0.243
MA001403974,190,186,23,3,0.250
MA001403974,190,186,23,3,0.250
MA001403974,190,186,23,3,0.057
MA001403974,190,186,23,3,0.250
MA001403974,190,186,23,3,0.257
MA001403974,190,186,23,3,0.250
MA001403974,190,186,23,3,0.253
MA001403974,190,186,23,3,0.243
MA001403974,190,186,23,3,0.250
MA001403974,190,186,23,3,0.260
MA001403974,190,186,23,3,0.260
MA001403974,190,186,23,3,0.260
MA001403974,190,186,23,3,0.260
MA001403974,190,186,23,39,0.238
MA001403974,190,186,23,3,0.250
MA001403974,190,186,23,2,0.265
MA001403974,190,186,23,3,0.250
MA001403974,190,186,23,3,0.260
MA001403974,190,186,23,3,0.250
MA001403974,190,186,23,3,0.250
MA001403974,190,186,23,3,0.243
MA001403974,190,186,23,3,0.250
MA001403974,190,186,23,3,0.250
MA001403974,190,186,23,3,0.260
MA001403974,190,186,23,3,0.260
MA001403974,190,186,23,3,0.243
MA001403974,190,186,23,3,0.253
MA001403974,190,186,23,3,0.237
MA001403974,190,186,23,3,0.253
MA001403974,190,186,23,20,0.242
MA001403974,190,186,23,20,0.282
MA001403974,190,186,23,13,0.235
MA001403974,190,186,23,20,0.237
MA001403974,190,186,23,20,0.235
MA001403974,190,186,23,3,0.250
MA001403974,190,186,23,3,0.243
MA001403974,190,186,23,3,0.243
MA001403974,190,186,23,68,0.225
MA001403974,190,186,23,3,0.250
MA001403974,190,186,23,3,0.260
MA001403974,190,186,23,3,0.250
MA001403974,190,186,23,3,0.250
MA001403974,190,186,23,3,0.239
MA001403974,190,186,23,3,0.257
MA001403974,190,186,23,3,0.243
MA001403974,190,186,23,3,0.263
MA001403974,190,186,23,3,0.250
MA001403974,190,186,23,3,0.250
MA001403974,190,186,23,3,0.257
MA001403974,190,186,23,3,0.250
MA001403974,190,186,23,2,0.275
MA001403974,190,186,23,3,0.257
MA001403974,190,186,23,3,0.250
MA001403974,190,186,23,3,0.260
MA001403974,190,186,23,3,0.250
MA001403974,190,186,23,3,0.250
MA001403974,190,186,23,3,0.250
MA001403974,190,186,23,3,0.250
MA001403974,190,186,23,3,0.250
MA001403974,190,186,23,3,0.250
MA001403974,190,186,23,3,0.243
MA001403974,190,186,23,3,0.243
MA001403974,190,186,23,3,0.250
MA001403974,190,186,23,3,0.260
MA001403974,190,186,23,3,0.250
MA001403974,190,186,23,3,0.257
MA001403974,190,186,23,3,0.243
MA001403974,190,186,23,3,0.243
MA001403974,190,186,23,3,0.260
MA001403974,190,186,23,3,0.243
MA001403974,190,186,23,3,0.229
MA001403974,190,186,23,3,0.250
MA001403974,190,186,23,3,0.250
MA001403974,190,186,23,3,0.243
MA001403974,190,186,23,3,0.253
MA001403974,190,186,23,3,0.283
MA001403974,190,186,23,3,0.260
MA001403974,190,186,23,3,0.257
MA001403974,190,186,23,3,0.253
MA001403974,190,186,23,7,0.234
MA001403974,190,186,23,3,0.257
MA001403974,190,186,23,1,0.310
MA001403974,190,186,23,15,0.291
MA001403974,190,186,23,2,0.265
MA001403974,190,186,23,55,0.228
MA001403974,190,186,23,101,0.223
MA001403974,190,186,23,3,0.243
MA001403974,190,186,23,53,0.230
MA001403974,190,186,23,65,0.227
MA001403974,190,186,23,3,0.243
MA001403974,190,186,23,6,0.240
MA001403974,190,186,23,3,0.257
MA001403974,190,186,23,3,0.257
MA001403974,190,186,23,20,0.243
MA001403974,190,186,23,16,0.232
MA001403974,190,186,23,3,0.250
MA001403974,190,186,23,3,0.243
MA001403974,190,186,23,3,0.250
MA001403974,190,186,23,3,0.263
MA001403974,190,186,23,54,0.237
MA001403974,190,186,23,57,0.230
MA001403974,190,186,23,3,0.257
MA001403974,190,186,23,3,0.243
MA001403974,190,186,23,3,0.257
MA001403974,190,186,23,3,0.250
MA001403974,190,186,23,1,0.350
MA001403974,190,186,23,3,0.323
MA001403974,190,186,23,2,0.265
MA001403974,190,186,23,3,0.250
MA001403974,190,186,23,3,0.243
MA001403974,190,186,23,3,0.250
MA001403974,190,186,23,3,0.250
MA001403974,190,186,23,3,0.250
MA001403974,190,186,23,3,0.253
MA001403974,190,186,23,3,0.243
MA001403974,190,186,23,3,0.257
MA001403974,190,186,23,3,0.243
MA001403974,190,186,23,3,0.250
MA001403974,190,186,23,3,0.243
MA001403974,190,186,23,3,0.250
MA001403974,190,186,23,3,0.237
MA001403974,190,186,23,3,0.250
MA001403974,190,186,23,3,0.250
MA001403974,190,186,23,3,0.243
MA001403974,190,186,23,3,0.257
MA001403974,190,186,23,3,0.250
MA001403974,190,186,23,3,0.250
MA001403974,190,186,23,3,0.243
MA001403974,190,186,23,3,0.243
MA001403974,190,186,23,3,0.253
MA001403974,190,186,23,3,0.240
MA001403974,190,186,23,3,0.250
MA001403974,190,186,23,3,0.243
MA001403974,190,186,23,3,0.257
MA001403974,190,186,23,3,0.253
MA001403974,190,186,23,3,0.263
MA001403974,190,186,23,3,0.260
MA001403974,190,186,23,3,0.327
MA001403974,190,186,23,1,0.320
MA001403974,190,186,23,3,0.243
MA001403974,190,186,23,20,0.242
MA001403974,190,186,23,9,0.239
MA001403974,190,186,23,64,0.226
MA001403974,190,186,23,4,0.270
MA001403974,190,186,23,20,0.240
MA001403974,190,186,23,3,0.243
MA001403974,190,186,23,3,0.250
MA001403974,190,186,23,3,0.250
MA001403974,190,186,23,3,0.243
MA001403974,190,186,23,3,0.243
MA001403974,190,186,23,2,0.265
MA001403974,190,186,23,3,0.243
MA001403974,190,186,23,3,0.250
MA001403974,190,186,23,3,0.243
MA001403974,190,186,23,3,0.243
MA001403974,190,186,23,3,0.243
MA001403974,190,186,23,3,0.250
MA001403974,190,186,23,30,0.230
MA001403974,190,186,23,16,0.225
MA001403974,190,186,23,3,0.243
MA001403974,190,186,23,3,0.260
MA001403974,190,186,23,3,0.250
MA001403974,190,186,23,3,0.250
MA001403974,190,186,23,3,0.250
MA001403974,190,186,23,3,0.250
MA001403974,190,186,23,3,0.243
MA001403974,190,186,23,3,0.243
MA001403974,190,186,23,3,0.257
MA001403974,190,186,23,3,0.243
MA001403974,190,186,23,2,0.275
MA001403974,190,186,23,3,0.250
MA001403974,190,186,23,3,0.260
MA001403974,190,186,23,3,0.243
MA001403974,190,186,23,3,0.250
MA001403974,190,186,23,3,0.250
MA001403974,190,186,23,3,0.250
MA001403974,190,186,23,3,0.243
MA001403974,190,186,23,3,0.243
MA001403974,190,186,23,3,0.260
MA001403974,190,186,23,3,0.250
MA001403974,190,186,23,3,0.243
MA001403974,190,186,23,7,0.234
MA001403974,190,186,23,3,0.243
MA001403974,190,186,23,3,0.260
MA001403974,190,186,23,3,0.257
MA001403974,190,186,23,3,0.243
MA001403974,190,186,23,3,0.250
MA001403974,190,186,23,3,0.210
MA001403974,190,186,23,3,0.253
MA001403974,190,186,23,3,0.250
MA001403974,190,186,23,3,0.253
MA001403974,190,186,23,3,0.253
MA001403974,190,186,23,3,0.260
MA001403974,190,186,23,20,0.273
MA001403974,190,186,23,24,0.235
MA001403974,190,186,23,3,0.250
MA001403974,190,186,23,64,0.229
MA001403974,190,186,23,13,0.231
MA001403974,190,186,23,3,0.250
MA001403974,190,186,23,3,0.260
MA001403974,190,186,23,3,0.257
MA001403974,190,186,23,3,0.243
MA001403974,190,186,23,3,0.237
MA001403974,190,186,23,3,0.250
MA001403974,190,186,23,1,0.330
MA001403974,190,186,23,3,0.243
MA001403974,190,186,23,3,0.243
MA001403974,190,186,23,3,0.259
MA001403974,190,186,23,18,0.244
MA001403974,190,186,23,36,0.223
MA001403974,190,186,23,3,0.250
MA001403974,190,186,23,3,0.250
MA001403974,190,186,23,3,0.243
MA001403974,190,186,23,3,0.243
MA001403974,190,186,23,3,0.259
MA001403974,190,186,23,3,0.250
MA001403974,190,186,23,3,0.250
MA001403974,190,186,23,3,0.243
MA001403974,190,186,23,3,0.257
MA001403974,190,186,23,3,0.250
MA001403974,190,186,23,3,0.250
MA001403974,190,186,23,3,0.243
MA001403974,190,186,23,3,0.250
MA001403974,190,186,23,3,0.250
MA001403974,190,186,23,3,0.243
MA001403974,190,186,23,1,0.276
MA001403974,190,186,23,3,0.250
MA001403974,190,186,23,3,0.260
MA001403974,190,186,23,3,0.243
MA001403974,190,186,23,3,0.243
MA001403974,190,186,23,3,0.250
MA001403974,190,186,23,43,0.238
MA001403974,190,186,23,36,0.224
MA001403974,190,186,23,20,0.237
MA001403974,190,186,23,3,0.243
MA001403974,190,186,23,3,0.243
MA001403974,190,186,23,3,0.230
MA001403974,190,186,23,10,0.238
MA001403974,190,186,23,3,0.257
MA001403974,190,186,23,3,0.250
MA001403974,190,186,23,3,0.250
MA001403974,190,186,23,3,0.250
MA001403974,190,186,23,1,0.350
MA001403974,190,186,23,3,0.250
MA001403974,190,186,23,12,0.239
MA001403974,190,186,23,30,0.228
MA001403974,190,186,23,2,0.275
MA001403974,190,186,23,3,0.237
MA001403974,190,186,23,3,0.250
MA001403974,190,186,23,2,0.265
MA001403974,190,186,23,3,0.250
MA001403974,190,186,23,3,0.250
MA001403974,190,186,23,3,0.257
MA001403974,190,186,23,3,0.250
MA001403974,190,186,23,3,0.253
MA001403974,190,186,23,3,0.250
MA001403974,190,186,23,3,0.260
MA001403974,190,186,23,3,0.250
MA001403974,190,186,23,3,0.237
MA001403974,190,186,23,3,0.237
MA001403974,190,186,23,3,0.250
MA001403974,190,186,23,3,0.243
MA001403974,190,186,23,3,0.250
MA001403974,190,186,23,3,0.243
MA001403974,190,186,23,3,0.250
MA001403974,190,186,23,3,0.260
MA001403974,190,186,23,3,0.250
MA001403974,190,186,23,3,0.243
MA001403974,190,186,23,56,0.232
MA001403974,190,186,23,3,0.243
MA001403974,190,186,23,3,0.260
MA001403974,190,186,23,3,0.250
MA001403974,190,186,23,3,0.250
MA001403974,190,186,23,3,0.243
MA001403974,190,186,23,3,0.243
MA001403974,190,186,23,3,0.250
MA001403974,190,186,23,2,0.290
MA001403974,190,186,23,3,0.243
MA001403974,190,186,23,3,0.237
MA001403974,190,186,23,3,0.257
MA001403974,190,186,23,3,0.243
MA001403974,190,186,23,20,0.240
MA001403974,190,186,23,93,0.227
MA001403974,190,186,23,3,0.243
MA001403974,190,186,23,6,0.236
MA001403974,190,186,23,14,0.232
MA001403974,190,186,23,20,0.240
MA001403974,190,186,23,82,0.229
MA001403974,190,186,23,3,0.243
MA001403974,190,186,23,3,0.243
MA001403974,190,186,23,3,0.243
MA001403974,190,186,23,27,0.229
MA001403974,190,186,23,18,0.241
MA001403974,190,186,23,3,0.247
MA001403974,190,186,23,9,0.224
MA001403974,190,186,23,1,0.330
MA001403974,190,186,23,20,0.236
MA001403974,190,186,23,3,0.240
MA001403974,190,186,23,20,0.237
MA001403974,190,186,23,3,0.243
MA001403974,190,186,23,3,0.250
MA001403974,190,186,23,3,0.250
MA001403974,190,186,23,3,0.250
MA001403974,190,186,23,3,0.250
MA001403974,190,186,23,3,0.257
MA001403974,190,186,23,3,0.243
MA001403974,190,186,23,3,0.243
MA001403974,190,186,23,3,0.250
MA001403974,190,186,23,3,0.250
MA001403974,190,186,23,12,0.234
MA001403974,190,186,23,21,0.236
MA001403974,190,186,23,3,0.243
MA001403974,190,186,23,3,0.243
MA001403974,190,186,23,3,0.250
MA001403974,190,186,23,3,0.263
MA001403974,190,186,23,3,0.243
MA001403974,190,186,23,3,0.257
MA001403974,190,186,23,3,0.250
MA001403974,190,186,23,3,0.250
MA001403974,190,186,23,3,0.250
MA001403974,190,186,23,3,0.250
MA001403974,190,186,23,25,0.232
MA001403974,190,186,23,6,0.236
MA001403974,190,186,23,3,0.260
MA001403974,190,186,23,3,0.243
MA001403974,190,186,23,3,0.243
MA001403974,190,186,23,3,0.250
MA001403974,190,186,23,3,0.257
MA001403974,190,186,23,3,0.243
MA001403974,190,186,23,3,0.233
MA001403974,190,186,23,3,0.250
MA001403974,190,186,23,3,0.250
MA001403974,190,186,23,3,0.257
MA001403974,190,186,23,3,0.257
MA001403974,190,186,23,3,0.243
MA001403974,190,186,23,3,0.253
MA001403974,190,186,23,3,0.253
MA001403974,190,186,23,3,0.253
MA001403974,190,186,23,3,0.243
MA001403974,190,186,23,101,0.226
MA001403974,190,186,23,18,0.237
MA001403974,190,186,23,5,0.244
MA001403974,190,186,23,72,0.259
MA001403974,190,186,23,1,0.330
MA001403974,190,186,23,55,0.227
MA001403974,190,186,23,45,0.236
MA001403974,190,186,23,6,0.233
MA001403974,190,186,23,3,0.243
MA001403974,190,186,23,3,0.243
MA001403974,190,186,23,3,0.260
MA001403974,190,186,23,3,0.243
MA001403974,190,186,23,3,0.257
MA001403974,190,186,23,3,0.250
MA001403974,190,186,23,3,0.243
MA001403974,190,186,23,3,0.250
MA001403974,190,186,23,3,0.250
MA001403974,190,186,23,3,0.250
MA001403974,190,186,23,3,0.243
MA001403974,190,186,23,3,0.243
MA001403974,190,186,23,3,0.250
MA001403974,190,186,23,29,0.229
MA001403974,190,186,23,3,0.250
MA001403974,190,186,23,1,0.370
MA001403974,190,186,23,3,0.250
MA001403974,190,186,23,3,0.243
MA001403974,190,186,23,3,0.250
MA001403974,190,186,23,3,0.243
MA001403974,190,186,23,3,0.243
MA001403974,190,186,23,3,0.250
MA001403974,190,186,23,3,0.253
MA001403974,190,186,23,3,0.250
MA001403974,190,186,23,3,0.250
MA001403974,190,186,23,3,0.257
MA001403974,190,186,23,3,0.250
MA001403974,190,186,23,1,0.290
MA001403974,190,186,23,3,0.250
MA001403974,190,186,23,3,0.243
MA001403974,190,186,23,3,0.243
MA001403974,190,186,23,3,0.260
MA001403974,190,186,23,3,0.243
MA001403974,190,186,23,3,0.260
MA001403974,190,186,23,3,0.250
MA001403974,190,186,23,3,0.253
MA001403974,190,186,23,1,0.330
MA001403974,190,186,23,3,0.243
MA001403974,190,186,23,3,0.243
MA001403974,190,186,23,3,0.243
MA001403974,190,186,23,3,0.243
MA001403974,190,186,23,3,0.243
MA001403974,190,186,23,3,0.260
MA001403974,190,186,23,3,0.250
MA001403974,190,186,23,3,0.250
MA001403974,190,186,23,3,0.250
MA001403974,190,186,23,3,0.243
MA001403974,190,186,23,3,0.243
MA001403974,190,186,23,3,0.243
MA001403974,190,186,23,3,0.250
MA001403974,190,186,23,3,0.263
MA001403974,190,186,23,3,0.257
MA001403974,190,186,23,3,0.243
MA001403974,190,186,23,3,0.243
MA001403974,190,186,23,3,0.250
MA001403974,190,186,23,3,0.237
MA001403974,190,186,23,3,0.250
MA001403974,190,186,23,20,0.240
MA001403974,190,186,23,43,0.236
MA001403974,190,186,23,6,0.236
MA001403974,190,186,23,72,0.222
MA001403974,190,186,23,3,0.250
MA001403974,190,186,23,2,0.255
MA001403974,190,186,23,6,0.246
MA001403974,190,186,23,3,0.250
MA001403974,190,186,23,12,0.229
MA001403974,190,186,23,20,0.240
MA001403974,190,186,23,3,0.243
MA001403974,190,186,23,3,0.250
MA001403974,190,186,23,3,0.283
MA001403974,190,186,23,3,0.243
MA001403974,190,186,23,3,0.239
MA001403974,190,186,23,3,0.257
MA001403974,190,186,23,3,0.260
MA001403974,190,186,23,3,0.243
MA001403974,190,186,23,3,0.250
MA001403974,190,186,23,3,0.260
MA001407766,336,336,25,2,0.877
MA001407766,336,336,25,4,0.863
MA001407766,336,336,25,2,0.872
MA001407766,336,336,25,2,0.877
MA001407766,336,336,25,4,0.881
MA001407766,336,336,25,8,0.804
MA001407766,336,336,25,2,0.872
MA001407766,336,336,25,2,0.872
MA001407766,336,336,25,1,0.964
MA001407766,336,336,25,2,0.872
MA001410068,190,186,23,1,0.340
MA001420680,336,336,25,1,1.404
MA001420680,336,336,25,2,1.252
MA001420680,336,336,25,1,1.384
MA001420680,336,336,25,1,1.344
MA001420680,336,336,25,1,1.374
MA001420680,336,336,25,1,1.324
MA001420680,336,336,25,1,1.344
MA001420680,336,336,25,2,1.227
MA001420680,336,336,25,1,1.404
MA001420680,336,336,25,1,1.470
MA001420680,336,336,25,1,1.304
MA001420680,336,336,25,1,1.404
MA001420680,336,336,25,1,1.424
MA001420680,336,336,25,1,1.324
MA001420680,336,336,25,2,1.262
MA001420680,336,336,25,1,1.434
MA001505922,336,336,25,4,1.206
MA001505922,336,336,25,14,1.145
MA001505922,336,336,25,7,1.153
MA001505922,336,336,25,6,1.177
MA001505924,336,336,25,2,1.272
MA001505924,336,336,25,27,1.145
MA001505924,336,336,25,67,1.138
MA001505924,336,336,25,9,1.145
MA001505924,336,336,25,22,1.163
MA001505924,336,336,25,36,1.145
MA001505924,336,336,25,22,1.171
MA001505924,336,336,25,39,1.167
MA001505924,336,336,25,27,1.135
MA001505924,336,336,25,27,1.146
MA001505924,336,336,25,63,1.145
MA001505924,336,336,25,14,1.156
MA001505978,336,336,25,9,1.162
MA001505978,336,336,25,1,1.304
MA001505978,336,336,25,1,1.304
MA001505978,336,336,25,3,1.161
MA001505978,336,336,25,2,1.202
MA001505978,336,336,25,6,1.182
MA001505978,336,336,25,4,1.218
MA001505978,336,336,25,3,1.155
MA001505978,336,336,25,2,1.212
MA001505978,336,336,25,3,1.195
MA001505978,336,336,25,3,1.161
MA001505978,336,336,25,8,1.153
MA001505978,336,336,25,3,1.201
MA001505978,336,336,25,8,1.145
MA001505978,336,336,25,2,1.202
MA001505978,336,336,25,14,1.151
MA001505978,336,336,25,17,1.143
MA001505978,336,336,25,9,1.138
MA001506010,336,336,25,3,1.148
MA001506010,336,336,25,6,1.149
MA001506010,336,336,25,1,1.344
MA001506010,336,336,25,6,1.161
MA001506010,336,336,25,5,1.191
MA001506010,336,336,25,4,1.218
MA001506010,336,336,25,2,1.212
MA001506010,336,336,25,1,1.264
MA001506010,336,336,25,9,1.118
MA001506010,336,336,25,16,1.152
MA001506010,336,336,25,4,1.213
MA001506010,336,336,25,3,1.155
MA001506010,336,336,25,4,1.178
MA001506010,336,336,25,9,1.136
MA001506010,336,336,25,16,1.147
MA001506010,336,336,25,4,1.208
MA001506010,336,336,25,5,1.165
MA001506010,336,336,25,17,1.147
MA001506010,336,336,25,1,1.354
MA001506010,336,336,25,8,1.138
MA001506010,336,336,25,14,1.142
MA001506010,336,336,25,3,1.148
MA001509400,344,347,38,20,1.110
MA001509400,344,347,38,17,1.110
MA001509400,344,347,38,11,1.111
MA001509400,344,347,38,24,1.114
MA001509400,344,347,38,1,1.364
MA001509400,344,347,38,6,1.110
MA001589774,336,336,25,5,1.232
MA001589774,336,336,25,18,1.187
MA001589774,336,336,25,5,1.227
MA001589774,336,336,25,2,1.272
MA001589774,336,336,25,5,1.199
MA001589774,336,336,25,7,1.165
MA001589774,336,336,25,1,1.314
MA001589774,336,336,25,36,1.174
MA001589774,336,336,25,16,1.166
MA001589774,336,336,25,18,1.147
MA001589774,336,336,25,5,1.239
MA001589774,336,336,25,35,1.173
MA001589774,336,336,25,13,1.180
MA001589774,336,336,25,12,1.204
MA001589774,336,336,25,99,0.878
MA001589774,336,336,25,6,1.206
MA001589774,336,336,25,5,1.224
MA001589774,336,336,25,27,1.153
MA001589774,336,336,25,18,1.160
MA001589774,336,336,25,2,1.252
MA001589774,336,336,25,4,1.166
MA001589774,336,336,25,18,0.825
MA001589774,336,336,25,4,1.156
MA001589774,336,336,25,9,0.980
MA001589774,336,336,25,9,1.154
MA001589774,336,336,25,17,1.170
MA001589774,336,336,25,27,1.154
MA001589774,336,336,25,12,1.206
MA001589774,336,336,25,36,1.171
MA001589774,336,336,25,54,1.161
MA001589774,336,336,25,13,1.171
MA001589774,336,336,25,4,1.171
MA001598748,334,336,26,1,0.964
MA001599696,336,336,25,8,1.173
MA001599696,336,336,25,225,1.178
MA001599696,336,336,25,189,1.153
MA001599696,336,336,25,119,1.171
MA001599696,336,336,25,6,1.199
MA001599696,336,336,25,23,1.178
MA001599696,336,336,25,5,1.187
MA001599696,336,336,25,54,1.202
MA001599696,336,336,25,2,1.252
MA001599696,336,336,25,27,1.159
MA001599696,336,336,25,36,1.163
MA001599696,336,336,25,8,1.199
MA001599696,336,336,25,4,1.156
MA001599696,336,336,25,9,1.165
MA001599696,336,336,25,5,1.211
MA001599696,336,336,25,11,1.204
MA001599696,336,336,25,98,1.173
MA001599696,336,336,25,7,1.179
MA001599696,336,336,25,34,1.166
MA001599696,336,336,25,207,1.162
MA001599696,336,336,25,6,1.179
MA001599696,336,336,25,36,1.191
MA001599696,336,336,25,4,1.223
MA001599696,336,336,25,180,1.149
MA001599696,336,336,25,17,1.178
MA001599696,336,336,25,6,1.179
MA001599696,336,336,25,14,1.178
MA001603506,568,105,41,4,1.679
MA001603506,568,105,41,50,1.607
MA001612636,190,186,29,4,0.243
MA001612636,190,186,29,4,0.217
MA001612636,190,186,29,4,0.217
MA001613154,190,186,23,1,0.350
MA001613154,190,186,23,3,0.237
MA001613154,190,186,23,4,0.220
MA001613154,190,186,23,2,0.245
MA001613154,190,186,23,16,0.215
MA001613154,190,186,23,1,0.310
MA001613154,190,186,23,3,0.227
MA001613154,190,186,23,11,0.223
MA001613154,190,186,23,17,0.231
MA001613154,190,186,23,25,0.227
MA001613154,190,186,23,4,0.223
MA001613154,190,186,23,4,0.223
MA001613154,190,186,23,2,0.275
MA001613154,190,186,23,9,0.204
MA001613154,190,186,23,2,0.265
MA001613154,190,186,23,1,0.330
MA001613154,190,186,23,5,0.234
MA001613154,190,186,23,10,0.226
MA001613154,190,186,23,7,0.220
MA001613154,190,186,23,4,0.220
MA001613154,190,186,23,9,0.214
MA001613154,190,186,23,5,0.232
MA001613154,190,186,23,1,0.310
MA001613154,190,186,23,3,0.230
MA001613154,190,186,23,8,0.217
MA001613154,190,186,23,6,0.220
MA001613154,190,186,23,6,0.223
MA001613154,190,186,23,18,0.000
MA001613154,190,186,23,1,0.350
MA001613154,190,186,23,2,0.265
MA001613154,190,186,23,11,0.223
MA001613154,190,186,23,8,0.212
MA001613154,190,186,23,2,0.265
MA001613154,190,186,23,2,0.240
MA001613154,190,186,23,4,0.220
MA001613154,190,186,23,6,0.220
MA001613154,190,186,23,6,0.228
MA001614342,560,113,42,80,1.582
MA001614342,560,113,42,23,1.579
MA001614342,560,113,42,22,1.575
MA001614342,560,113,42,58,1.591
MA001614342,560,113,42,1,1.814
MA001614342,560,113,42,18,1.580
MA001614342,560,113,42,47,1.553
MA001614342,560,113,42,40,1.604
MA001614342,560,113,42,6,1.579
MA001614342,560,113,42,60,1.584
MA001614342,560,113,42,8,1.604
MA001614342,560,113,42,69,1.594
MA001614342,560,113,42,18,1.570
MA001614342,560,113,42,1,1.754
MA001614342,560,113,42,7,1.615
MA001614342,560,113,42,24,1.577
MA001614342,560,113,42,77,1.559
MA001614342,560,113,42,38,1.606
MA001614342,560,113,42,5,1.595
MA001614342,560,113,42,20,1.583
MA001614342,560,113,42,16,1.574
MA001614342,560,113,42,20,1.587
MA001614342,560,113,42,6,1.576
MA001614374,560,113,42,1,1.714
MA001617510,336,336,25,108,1.137
MA001617510,336,336,25,117,1.144
MA001617510,336,336,25,180,1.131
MA001617510,336,336,25,152,1.157
MA001617510,336,336,25,7,1.139
MA001617516,336,336,25,17,1.157
MA001617516,336,336,25,27,1.145
MA001617516,336,336,25,72,1.127
MA001617516,336,336,25,21,1.151
MA001617516,336,336,25,44,1.175
MA001617516,336,336,25,36,1.142
MA001617516,336,336,25,188,1.142
MA001617516,336,336,25,135,1.145
MA001617516,336,336,25,162,1.129
MA001617516,336,336,25,27,1.142
MA001617516,336,336,25,27,1.145
MA001623270,190,186,23,6,0.178
MA001627316,190,186,23,1,0.250
MA001641528,336,336,25,1,1.404
MA001645286,336,336,25,7,1.160
MA001645286,336,336,25,1,1.484
MA001645286,336,336,25,2,1.252
MA001701894,560,113,42,18,1.594
MA001701894,560,113,42,2,1.602
MA001701894,560,113,42,22,1.597
MA001701894,560,113,42,5,1.611
MA001701894,560,113,42,41,1.587
MA001701894,560,113,42,30,1.592
